Factors,c10crn_c,CE1926_c,HC00319_c,CE2510_c,CE5126_x,thrnt_c,4tmeabutn_c,CE2049_c,dhor__S_c,3mlda_c,spmd_c,sebacid_c,but_c,orot_c,HC02198_e,gua_c,quln_c,crtn_c,pyr_c,CE6031_c,4h2oglt_m,kynate_c,4pyrdx_c,5hoxindoa_c,andrstrnglc_c,C10164_c,retinol_cis_13_c,xan_c,acmpglu_r,accoa_c,ade_e,adn_l,adrn_e,r5p_c,pheacgln_e,arachd_e,ala_B_m,phpyr_c,arach_c,1pyr5c_c,2obut_c,3mop_c,akg_c,anth_c,bz_c,glyb_c,chsterol_c,csn_c,glcn_c,3mob_c,5mta_c,octa_c,cholp_c,ocdca_c,cala_c,avite1_c,doco13ac_c,fum_c,C13856_c,gly_c,fad_c,C02528_c,bilirub_c,ethamp_c,hxan_c,gar_c,imp_c,34hpp_c,icit_c,bgly_c,xylt_c,L2aadp_c,4hpro_LT_c,malt_c,im4ac_c,C02470_c,forglu_c,tmlys_c,dcamp_c,cit_c,c4crn_c,1pipdn2c_x,orn_c,pi_c,Nacasp_c,ahcys_c,sarcs_c,56dura_c,subeac_c,succ_c,HC00460_c,tchola_c,thmmp_m,fpram_c,ura_c,crvnc_e,cholate_e,creat_m,arg__L_m,glcur_l,glc__D_e,dheas_e,dlnlcg_e,docosdiac_r,dodecanac_x,glyc__S_e,acac_c,56dthm_c,cytd_c,dmgly_c,chol_c,HC00460_e,man_c,HC00900_c,uri_c,2hyoxplac_c,Lkynr_c,CE2028_c,4mop_c,malttr_c,2dr1p_c,biliverd_c,tdechola_c,aacoa_c,HC02194_c,pac_c,aprut_c,4hphac_c,urcan_c,hexdiac_r,hdca_e,hdcea_e,c6crn_e,ala__L_e,asn__L_c,asp__L_c,citr__L_c,cyst__L_e,cys__L_c,trdox_c,gln__L_c,guln__L_c,his__L_c,ile__L_e,leu__L_e,lys__L_e,met__L_c,phe__L_e,pro__L_m,ser__L_c,thr__L_c,thyox__L_e,trp__L_c,tyr__L_c,val__L_e,nrvnc_e,nrpphr_c,omeprazole_e,pcrn_x,sphings_l,strdnc_e,tdchola_e,tmndnc_e,tymsf_e,C08261_c,cbasp_c,retinal_cis_9_c,dchac_c,dopasf_c,lnlnca_c,ddca_c,galt_e,HC02196_c,gudac_c,alltn_c,ind3ac_c,homoval_c,hyptaur_c,ins_c,ivcrn_c,mev__R_e,lnlccrn_c,c3dc_c,dca_c,nformanth_c,3uib_e,srtn_c,progly_c,adprib_c,stcrn_c,g3pc_c
c,-0.024133317516699008,-0.5731277250913647,2.612518532120812,-0.18431156973047158,-0.32894506668169804,0.755841854057927,0.8274662679103936,-0.18282142777620675,0.3788051013436842,-0.08824480629658706,1.8229139307711324,0.7431225893145694,0.7862513157792819,0.3923305627542803,1.712450256788688,-0.270873024991119,0.48652095066167156,-0.11555425822043956,0.14874891593932335,0.5129387361155506,1.4990167503706462,0.9894125969949409,-0.3481490388329571,-0.018714775838774494,0.026787203345915875,1.910062859452589,-0.7372872958223199,0.34872261274105915,-0.35769255137057976,1.3650495921817003,0.5775086128901996,-1.0081604071671788,-0.06769728659596014,0.41517594521665546,-0.7878042842438295,-0.4087298531677114,1.057639578212843,-0.45116970556403296,-1.0002491801260431,-0.21735876868150636,0.33002186121166777,-0.6259909117685023,2.037296654621105,1.3052799610661578,0.10466301739691884,1.4280987147880644,-1.1316079721174592,-0.2601736226922293,0.8346030249652013,-0.06973930755940234,-0.10159821327289924,1.0956501740468474,0.38923948134894326,-0.5449504574702596,0.37918228196410325,-0.9717383434876371,-0.8525861855026643,1.6846255309764746,-0.813158013274984,-0.662898550131819,1.670063571742374,0.21662277307567698,0.30623725658973827,1.3391489816621003,0.0590605495705575,-0.3665264455956397,-0.1456266610717361,0.31595489036409957,-0.8294016111502674,-0.4349664236725462,0.8520740752734454,1.132812178267467,-0.6426524910094004,1.1046695244335638,0.14782734276540996,0.29255043202310627,0.6984976392859835,-0.1527371570506542,0.3575210660510469,0.39213336158719486,0.05509938839580396,0.5398513894280735,1.1254019795987822,0.8337353624271723,1.8492804557328972,-0.3197829189658709,0.2504596775146824,0.14595368671092374,0.49964354497877095,2.668785963085797,0.009054969320079874,1.1102230246251565e-16,-0.037207991031640804,-0.35015501441677077,-0.3622855032148969,-0.7737072376776302,-0.052761818366443086,-0.35938777537952105,-0.8991261533458463,0.5754688434195494,1.2955717818260382,-0.10568264256272307,-0.191185365664908,-0.6841322145948112,0.3882845163731853,-0.028502628249553498,-0.39781530813357335,0.2884715124283466,0.9019057016598282,1.4363624688155652,0.5489133304576275,1.250636375438463,0.8759627775865058,0.29692416762403023,-0.5386265490739871,-0.20808451547823076,1.3781771056888767,0.9842991464440296,-0.24098884736982942,0.8976667839490223,-0.6374264476312905,0.4517632002372545,0.012340542155020362,1.093063063772376,-0.36503986996145654,-1.0230612526382874,0.3679960327205293,-0.19460632973683134,1.5287657179259744,0.9592089104619186,-0.12422077462775646,0.020760952642777254,0.1553829681761641,-0.40281070725109147,0.7999757855423988,1.535797297309833,1.2460814719884472,2.0906246042032426,-0.5601433974940828,1.452950258407022,0.322445750921616,0.3107651589835132,0.3885216554525968,-0.5545800067086446,0.33457120384088523,-0.2824476572144648,0.2985262376046709,1.2072747498101453,0.43370947022698925,1.1006984986390187,0.9317355946967095,-0.8793082389866352,0.47571261004229415,1.093653467566002,0.3092183701751793,-0.17160613879724387,0.6152210519309124,-5.551115123125783e-17,-0.2642651602559735,1.094686990702242,-0.3759263751360259,1.2657995855733128,-0.691699249831935,-0.15940184181003691,-0.25993731825087407,-0.6004747270516397,-0.8018057513061714,-1.0936941711637607,-0.33565093620581066,-0.3756408928031099,0.23953345431180992,0.7115335996937613,-0.0764252812619317,1.2158353975472982,1.2299970408498262,-0.6818475324143849,-0.613540737354793,2.8412797020988543,-0.5145959942013318,0.3543288669875833,0.1756236392796139,-0.16942477923057125,1.1572891777646837,0.9260088574857078,-0.2718418068278859,-0.4026908980009942,-0.21755636932576167,0.5215512007564942,1.7819568416766016,-0.13572969508719868,2.2206797261722877
healthy,-0.7265882204595093,-0.5247625162228952,-0.5677491874511186,-0.3910721611028551,-0.3771938910278394,1.0771341923066495,-3.010079009155736,-0.4216113914509678,1.6536939092707355,1.2250559841255442,-0.9161830586590146,-1.2089824352870875,-0.7377860980594209,-1.4405925668314763,0.14321393499684063,-0.270873024991119,1.0188952714994568,3.385561990077005,3.2285377798084105,-0.40400199845334805,2.7219593613814577,1.559968200244875,2.318341541828684,0.47420798608315906,1.537581863541424,1.3305910379433954,3.360380067443815,0.9507222377166799,-0.3332978616281956,-1.3362038144150479,-1.3490505378195543,-1.0081604071671788,-0.32107708109631544,1.9516659874624098,1.2601626078408579,-0.5634995196525571,0.10158949952841137,2.4156586397134094,0.03724042593302249,0.310021561177292,1.2462493540062092,-0.07393942591634345,0.7756660930133873,-0.1630573473326178,-0.44976587910718757,-0.6839790970224918,0.45629759278627047,-0.22296684572082784,2.5119739415824447,0.2266713566405091,0.9621715566481918,-1.1042480985417193,-0.8571927101900899,-0.3622243618480559,0.47516421693737637,-0.10617851269840402,-0.4954390091931278,0.3370214297874078,0.7731127780722085,2.893606731598796,-0.5275128403970724,-1.0398789009004317,0.3038492746232892,-0.6287613915373165,0.7617981246846799,-0.33837110750075666,-0.37253425340243845,0.5710471241824804,1.5232599310840536,-0.37945338821097885,0.18601268178543137,0.9199125915146743,3.316656638942591,-0.6528679960341836,-1.032156317847978,-0.2712646419431388,2.5815348383769336,3.7104129514881077,0.29540877698910545,-1.2739677085769283,-0.7515651270014108,-0.057376110592677304,1.099040081582525,1.5366625647578283,0.24078098836024253,2.536885362021807,0.3832057311829188,-0.27005692574494017,0.24400206600089214,-0.025910933955875525,0.9703184138421146,1.1102230246251565e-16,-0.553402500037927,0.691306872532532,2.241429447833802,-0.4623895968455238,-0.6420576785851949,0.6178947717051423,-0.8086077520566881,3.2546368954124674,0.5012790329111401,0.05835967283223566,-0.554469788716133,-0.20677841078033832,-0.668831551273448,-0.16505678172726224,-0.5459336485770628,0.4251795166599678,0.27623995664642825,1.058178774771169,-0.4108896808470359,-1.0960843479928222,0.7991476762463068,0.9632592122006725,1.4487554259165745,3.4705632909639776,2.7187039871664043,1.8110800888719718,0.5824221577791081,-1.0791091678985787,0.16538334808079164,-0.10049299766835224,0.1401058863003345,1.4114865932549199,-0.6913381762091854,0.5912099417227459,0.7163555403497632,0.7650781073221843,-0.7097260612445165,0.07925917033683355,-0.1019587288326187,-0.09437555720175483,-0.8339001225103129,2.451326309624809,0.6696341954416217,-0.0017250740239360704,1.2423053149558743,0.042346678995572914,0.7177999136931663,1.7685490092461842,0.7475580524957701,3.2712823405609237,-0.6528668980244606,-0.28956228125935934,0.09274523896401397,1.21412583975633,0.9154598901855003,1.8825044322786932,0.5710245317400073,1.40011420787282,-0.3018510230297004,1.5588754073127933,1.609617390076583,0.1156054547392633,-0.2017075697805803,-0.27983133639926056,-0.542422984888071,-5.551115123125783e-17,-0.5870186446883017,0.4244777450479134,-0.3311015991322591,-0.4901132985138418,-0.34776640322046404,-0.40532678420423546,-0.5180497493806,-0.40450817683339396,1.3830675099809582,0.7766367485942028,-0.048792959703464284,-0.22394663435986295,-0.5527884240289272,1.6121933388231673,-0.34911783514620176,-0.08537801085746088,2.3353816584157876,-0.004265023999328841,1.8505739836909,-0.9584230399162057,-0.48597677012673707,-0.48506115425411495,-0.23021409896260564,-0.9239237458609891,-1.034282805807608,-1.071946350578757,0.6702679581687857,2.2802589467928,-0.2705467312906172,0.1818626034059022,-0.9599151843238691,-0.6475808904441767,-1.4305659675930114
healthy,-0.27753315144203866,-0.34894844614697185,1.8830477015089802,-0.17857176306066444,-0.30799028530508915,-1.6040238518975027,0.7350685359107022,-0.30096202107470355,1.9333534464412991,0.31183054106871233,-1.918033348263169,1.3365636933805443,-0.7377860980594209,0.24030549506147764,-0.2081906277268891,-0.270873024991119,-0.3934757550960405,-0.17315361154878176,0.8510914653719853,-1.392368875462034,0.18161728788681977,-1.3763514440578086,-0.7156574836453689,0.6850811935001928,-0.6159793789609449,1.7223010401926269,-0.18302694177250428,-0.7032991722794504,-0.3563934258813403,-1.3362038144150479,0.2605076874599762,2.187606272540807,-0.7272413994626966,-0.06380209403106757,1.825857731834847,-0.8026521235655755,-0.8280260147684332,-0.049393579184532375,-0.8614818842723524,-0.8167164950905654,0.2905886155656866,-0.9640947334249446,0.31937568313754083,0.16352057843299517,-0.36231825587613187,-0.39520913631167,-1.4003449590518788,-0.3452982184904359,-0.26149012872780425,-0.6022737212067001,-0.3976553501967115,0.7934848956602962,-2.0874885834932213,-0.011363728148797367,-0.1552496754906285,-1.1966569612958384,-0.7169040884134865,0.6887877786751102,-1.3259323664812557,-0.11369939933849349,-0.24567606282047097,-0.010441884954304124,-0.897489345421232,-2.2164543941142796,-0.08677596989142136,-0.3641946149467716,-2.248062612853024,0.10814804622912579,1.2351850949348429,1.1479052631370108,0.11953042242301955,1.27044423435008,-0.286339772157569,-1.1137812321924847,-0.1032353401506612,-0.4945404118109244,-0.6158759708765946,-0.47182169105732874,-0.9850599513647815,0.5087953652422923,-0.5034403301706827,-0.6612860936997909,1.269921670509334,-0.015110342389405352,-0.29781936733676895,-1.3111527849068332,-0.7785170711739384,-1.1629429074168525,1.1355551935545816,-0.784529970816208,2.770631572918928,1.1102230246251565e-16,-0.5871502760597366,-1.9347105233948512,-1.2884917039689356,-0.6323139863670222,-0.48178881075453295,-0.03797523579327848,0.4237006763045932,0.8400458670316162,-0.5884709512500991,-0.3310301174698053,-0.5342375857566513,-0.8274667629493252,0.7614848090150008,0.3311904889551367,-0.5002257370140177,-0.45398135033233583,-0.4280257004074697,2.679726967947441,1.5492052070226012,-1.7190061761111755,0.13934967164533488,-0.46541377362130404,-0.7457788810276743,0.23541242258536432,-1.072340187203163,0.1058012976924044,-0.9438877324872974,-1.1735240353255914,3.1040846226508054,-0.7920483382837049,-0.34212569069871723,-0.3751878306716318,-0.5462368930786599,2.743288179597425,0.21465311356666197,0.6266655306483343,-0.5861390345562546,0.5141431915303691,-0.2802712315606642,-0.43289657759935335,-0.4706323667366309,0.46156570522320134,0.5310821114762321,-0.7413004142858546,-1.8620733815218673,-0.7283504681417713,-0.5456078305841071,1.0070114202143317,0.12229560115323973,0.5279549954080134,0.4896501735183457,0.06194326477068098,-0.31120375105503095,-0.9330335698598815,-0.5181008373549488,0.47816140190769635,0.6765115988625902,-0.12499951706339901,0.984032284226258,1.3992852050095574,-0.7146237102076561,-1.0634408549383692,-0.14845144574610405,-0.03002852180844203,0.22850310720131878,-5.551115123125783e-17,-0.8416382985129643,-1.1695430739138728,-0.6802147009772946,-0.48993488230208015,-0.7187596494248291,0.7764526082348122,0.07077388313320733,-0.834255481057742,0.40358993801864645,2.3356372128871197,-0.3202081314940825,-0.3134365020282024,0.2091596692713654,-0.04366835098809235,-0.30537174270463724,-0.612725241802749,-0.9275748595968071,-0.42075388932505836,-1.0205471720098802,-0.7210643338639358,-0.7097739457731177,0.10385323372830561,0.12079963752311226,-0.7122420330760907,-1.034282805807608,1.716990310890851,2.068141037823388,0.16151767230122996,-1.79381789782349,-1.2329897369282228,-0.9599151843238691,-0.7250679583980049,0.3476778362503811
c,-0.9813659081531035,0.818842593660299,-0.8660091991959755,-0.9998743218803918,-0.4286710430370438,-0.9206844565605151,-0.388293363664493,0.6966189733029515,0.4651128542981267,-0.5986414584412142,0.4050859487367858,-0.7458483493629846,-0.032763551698356215,0.0755738545465904,-0.9075776758745436,-0.2694983040288916,0.22484543702953966,-0.6129708959139626,-0.04073064598940361,-1.034627683413183,-0.7969747274998475,-0.8440077065540942,0.05715955217791053,1.681815636114964,-0.9444443791264578,0.19538739506132516,0.04497388183571088,-1.1023807375975572,-0.35769255137057976,0.5353637461649459,0.8545849885181284,-0.04175119198260949,-0.6671946564321759,-0.16644024529843687,-1.5622333818302783,-0.6967677645811856,2.226267612180796,-0.09591107654313026,-0.17199888879538566,-0.9501664789648318,-0.9101404817216722,-0.23855718826382424,-0.690922502068508,-1.4816867864732692,-0.464843055526335,0.8153574965029114,0.1033249187191909,1.0895787193871862,0.8195953925429993,-0.11327985710289167,-1.6276921654962184,1.7366119405461409,0.41954427413344153,-1.3736846007731396,-0.4844658193141419,0.07510509989127528,-0.5980161244457652,0.045827801324285634,-1.6207221245149908,-0.37527292875323487,-0.27402650790214106,1.9094129685522487,-0.5662946157667563,-0.4261761629186787,-0.10972091562010611,-0.35126465734137513,0.45252947541756533,-0.3335970416027041,-1.2211592057456264,-0.26692696497807195,0.1963360139845634,0.6464405634130237,-0.8033106916355058,0.043884072213609376,1.0227692961811643,-0.572799444250585,0.01760230425237173,-0.24817171941719063,2.6126749458384886,-1.7196584770317334,-0.45846123760267954,1.7027588530386062,-0.6987472134904309,0.42560797730157424,0.07370320656906455,-0.30831404036868254,0.5086780284857726,-1.1629429074168525,-0.08158691862565783,-0.10255740784709472,0.7762225944393615,1.1102230246251565e-16,-0.573205670596837,-1.1639241742695168,0.9440098261462107,-0.7413887802352056,3.393417802323806,-0.22567726003868266,0.0717623361571711,0.01931230676678925,2.0237107171003035,-1.0847020857121925,-1.071733809512086,-0.05477637573921322,-0.2619480405907101,-1.0640741896388648,-0.3767526083457377,-0.15110892106780538,3.2698259753582883,-0.4503708699833861,0.3630983595308493,-0.006267402033065491,0.7401311959483498,-0.5027554117602705,-0.24275997341386502,-0.3673793107918369,-0.1166506406720957,-0.8330329417701832,-0.24098884736982942,-0.8019421693591003,-0.3607628541875863,-0.6923690490984972,-0.7158721348900048,-0.2825265835922116,0.06397865157174343,-1.195907562724338,0.061714793144071335,-0.6179719140017501,-1.2829841944276286,-0.8416963113632674,-1.2245710187350058,-0.7703440641056276,-1.0685664423404806,0.8852796329066779,0.06000502599390144,0.8852839182836861,-0.09823043160731539,1.7558048291011321,0.31792350155750954,-0.5772064392764502,-0.768730960901019,-0.33053915901619235,-1.9821189540886717,0.3055374016357432,0.052893769096663684,0.033809383654835344,-0.5273581483261507,-0.8125207716886715,-0.19921293250851163,-0.9744654337098599,-1.1760260784010765,-0.3080766418536261,2.3664329060529576,-0.04443876554147546,0.9116782733151946,-1.4209605425614054,-0.9688793879727875,-5.551115123125783e-17,-0.8690547004706305,-0.5592567411227302,-0.7300880012408711,-0.36111837741019953,-0.2609073527414871,-0.19469480104124828,2.329220463525351,1.2212801495515746,2.8969631747066162,-0.027617287836559968,3.7131057840015,-1.1009798202201777,0.6845094051543216,0.12411984421473442,-0.2788410242886061,-0.9134614136671302,-0.012580703009785203,-0.3549241710745535,-0.049548609436271616,-0.5639887195646396,1.2966657096187404,-0.5848902686427252,-0.8740895956300203,-0.5351032364449979,-1.034282805807608,0.14821343881419657,0.1578139529805724,-0.7737884541477179,-0.13121166785003285,1.7791037590809675,-0.07296637945298362,-1.29112372241752,0.6742872952470054
healthy,-0.6074664992222388,-1.454158827181865,0.06253612038706993,2.657785590639332,3.4506048706326435,-0.16253502938107972,-0.772777347150051,-0.5445414682615659,-0.3413602398670864,-0.5184244697747147,0.13129847634394676,1.5430547243864003,-0.7377860980594209,-0.6786520036785959,2.827049350646021,-0.270873024991119,-0.5913114666955054,-1.0022998582259055,-0.5386739829477699,0.6226216158165347,-0.5923578704046534,-0.7421093978975071,0.10102794927110169,-1.273596268339386,-0.7380373699590056,0.0751766670983377,-0.5859638093295623,2.2419678101281564,-0.35769255137057976,0.7118721277286123,1.211310841001636,0.06128907226265906,3.0479429277081778,-1.0217581725265148,-1.4085055871318095,2.891535512112024,-0.1682633452615496,-0.4222838402687746,1.7038084398621545,-0.34205474486722776,2.1254254750528494,1.2352429130222102,2.122592321077025,0.1619413814998924,-0.29227791814718307,-0.6135765032954731,0.5625351384983571,2.6715110138660627,-0.8706392090075601,1.9615947922964871,-1.1577332719266138,1.0937932924478242,-0.3313848769421744,1.875258337177367,3.3298222000971,0.33691513120240935,2.6411976092682656,1.6107156977978585,-1.6207221245149908,-0.8284214374576466,1.98066771271067,-0.5125328175573334,-0.30012647196790154,-0.36400491321734346,1.5427040742304234,-0.36684197955704784,-0.7449881499771368,-1.7770457793067127,1.4186703263541198,-0.9296540138088303,3.1194907594908567,1.625993712563497,-0.661405792001602,-0.15118041131269228,-0.0865927200881915,-1.2213743009549929,-0.730495626473435,-0.15742957666839938,-0.009009694677118329,0.22726969175124764,-0.6186992548761908,2.5128933723225444,-0.044877993051484405,-1.0491318117820254,-0.444710373435954,-0.7886306760189313,0.5362143918690074,0.7698174435028191,0.9898312234531846,-0.9323912787165908,-1.2424306390569115,1.1102230246251565e-16,-0.29007220431621217,-0.20639493799738848,-0.413451347450464,3.2046191271002176,-0.234973614402939,-0.36446080306182915,0.9049510182936695,-0.16307292884761668,2.0304154955098266,3.0393341440440325,3.0250187207171297,-0.38077018056342105,-0.2804982186422328,3.1432583561553975,2.095057128046073,-0.44491783623963144,-0.2757873325682325,0.3611641595907546,-0.44559442249872977,-0.17177421622557637,2.6817421721001926,-0.5561190676474439,0.325194102273728,-0.650064360253125,-1.4309524739678516,0.2695715010507335,1.0841135825797181,-0.28407379472949856,-1.2744807746398203,0.009938867901265764,2.0025018875683758,0.4266026165654124,0.1571810846716727,-1.2001578818248146,0.0940826916462069,-0.4701166831333977,-0.6206621711194077,0.27396670516241894,2.551331311760702,3.487291348886579,-0.43468120036021046,0.04463120038266029,-1.1910689766269276,-1.301548292059529,0.6671965988951035,-1.2543818542831333,-0.9941338952347852,-1.0268065158779478,-1.290885759332568,0.492116871487221,-0.8043244925229306,2.4629721186914533,1.705824053367416,0.6990786589120406,0.46449659858836617,-0.6517117076593786,-1.2618132595148799,-0.9896044302441529,-0.46079194218813246,-1.1744234543569034,0.34280842187083266,0.9228318587141702,1.284471141556532,-1.4468256841266671,1.752995859572334,-5.551115123125783e-17,-1.0273097731569614,-0.19365563585626538,2.6447739736502256,1.108793319223098,3.270353988775866,-0.4584913774959088,-0.9441212207094385,-0.8391490839008764,0.9448635857909004,0.7564814771216071,-0.36168309271986676,2.7019335218019105,1.2540178746626551,1.6100223270552936,0.1251412729114653,1.3678977717716823,-0.31384560891175384,0.36957360133311595,-0.5024593427911574,-0.06352835956104831,0.7407824023680534,-0.757978991523235,3.086375272473057,-0.7401486254368008,-1.034282805807608,1.0224656047152914,-1.0371661289867027,-0.3003267168311657,1.2543383548960076,-0.9372774227201143,-0.9599151843238691,-0.8040101825575388,-1.3907113450015245
healthy,-0.23143767992225375,-0.7182233516967736,-0.04931138401725163,-0.3056128173523943,-0.45778468887121176,-0.004261566490527536,-0.1718881492441634,0.011038619142176053,0.8085504582622981,-0.6923503204875485,-1.1060416332647631,1.1005109122093202,-0.3809502134746606,0.3374200159159846,0.08168783687742918,-0.270873024991119,-0.30391956637883666,-0.5948377661624474,0.4840680619509877,-0.36106491567615373,0.5970370931056678,-0.695655757186416,-1.0242533260213913,-0.7745650885703597,-0.45323539096353066,-0.7764418832462723,-0.6829530238265983,-0.4792731313815569,1.084914130791476,-0.6884276993431433,-0.3595205709696682,0.36390205883560495,-0.3457166170086777,-1.486557968656223,-0.7432203287192263,-0.016430331566543013,0.08727077715180094,-0.7085165054672422,0.5376189692172145,-1.1373077099955082,-0.05637101558787905,-0.35439931732316293,-0.20357784469657417,0.08613992871096901,-0.02774200461123117,-0.9805052756862901,-0.42251950132909494,-0.8728774304810237,-0.3472480282832473,-0.6184618742421002,1.156432543340321,1.1640171783745308,-0.11256065891385042,0.47645857069015246,0.4696741259822974,-0.4342344155685671,-0.24787657202863503,0.12307191269141167,0.45745687752704944,-0.18738208368067427,-0.0493075387989039,0.08084737551897415,-0.994478151443175,-0.21724692922847633,-0.16455544693781018,1.1876378150233953,-1.1674641718199583,-0.3041473690805821,1.3267765695971838,-1.0344643394486235,0.45772278526659305,0.14178969111010925,0.5057287831351055,-0.35570454370565385,-0.8663870627520636,-0.1214973562199543,0.6490337998171091,-0.3688528211355394,-0.48201866522575487,1.2681462513087083,3.1506670683555478,0.6489468109775316,-0.40923708349046495,0.0871066796565702,-0.49839860665934016,-0.08352401986379063,0.7346840298387389,1.1377448981181368,0.8749174641732256,-0.3795710418318935,-1.261003723309476,1.1102230246251565e-16,0.924542598870182,0.41511327116923397,-0.8943058631745167,0.5870765622125873,-0.5892236670350443,-1.0496818992936046,2.75376315273246,0.16782599862423436,-0.24608026713709288,-0.6886583345369109,0.35669552863610166,3.1155976434078863,0.2569687822716176,0.39752909979288803,-0.45927391895145164,0.2325798421900046,-0.43951538854628003,-0.4690137281405043,-1.2466955422920007,-1.3058316471246205,0.02256573708747236,-0.5009464742725698,0.182062358561799,-0.6806085051323053,0.3401531055638768,-0.24690800343511196,-0.574918906840288,-0.7408834526997149,-0.2831028981332131,-0.7295671511851053,0.5173825100323004,2.5644981935112092,0.07547182251277519,-0.6660344481982486,-1.146821617179414,-0.6315980225862224,-0.7352557756777726,-0.16454367412958731,0.4264946883432258,-0.1881308503774111,0.43869962260526923,0.5045020498951273,-1.631356710116949,-0.100415355393305,-1.9980150346944725,0.21786776840573432,0.5481194183358995,-0.30297968245680684,-1.2081790858745611,-0.5268384307431452,-1.438847147735464,-0.582351325243749,-1.1761617902213692,0.03832734138153913,-0.6741526508694993,-1.1998096169948225,-0.6088846888768202,-0.8079364718326327,-1.8235821458110748,0.8831502253383804,0.3196029286980381,-0.029889290970498993,-1.0571340620843601,0.140817544846314,-0.5374033901484763,-5.551115123125783e-17,1.2002050235223367,0.3752553523388673,-0.464810999225406,0.7177644551122417,0.5291596710867601,-0.5740518963183601,2.1942879130730963,0.15647665818410378,-0.7418393448489453,-0.09101833596394854,-0.17712581845072364,0.07424464883264427,0.10740748938587656,-0.1252363645524979,-0.40174181105384843,-1.3253852547067226,0.6549058543046167,-1.0975946544358834,0.14563226366134643,-0.967367623508249,-0.2794542612641211,-0.8126657415242308,0.5219081487767517,0.8176858444552776,1.1152481077970324,1.7843655294613283,-0.4005147557288568,-0.4719565966084159,0.034753069877458256,-0.48567482275692075,-0.9599151843238691,0.8537765247926735,-0.8874847203297637
c,1.059611300932159,0.14924588439344635,-0.4840394200038594,-0.1954085292920985,-0.31233385343357395,2.2110086301574845,-0.3964997411776236,2.0568322907396994,-1.181795995259827,-0.5258587673513583,0.6915034979810806,-0.5986278920717725,-0.7377860980594209,-1.655696692462486,-0.7452428839650422,-0.270873024991119,-0.6783862496799907,-0.4650614453917999,-1.446907709909285,1.2232320414889946,-0.9766092939031867,0.22554990820530382,0.6952108493806082,0.9124205707659124,-0.5990193624734095,0.9744910358986395,0.028978278397718105,-1.193848656305868,-0.32117269039529456,-0.737425654443877,-0.7994891097909611,0.5257295054186998,-0.0215224082720058,-0.7576113387843657,0.008916791104920847,1.3612833968280462,-1.5390056527762683,-0.7298995486078876,-0.758358736961472,0.44891848316887506,-0.12015230552533851,-0.1326918932861512,-1.0975261159506149,0.5103122249423206,3.683436438341842,-1.1756039888111631,-0.5523304669477098,-0.6200807358636439,0.06465788301899,-0.19366241010625787,1.1102001251100977,-0.3755064746340426,1.5050068520509188,0.16439821500867596,-0.9853892905947724,0.23100107308108636,-0.22576631043707715,-0.2186916016307641,1.1233975959767526,-0.3694835749834921,0.5902451487787684,1.9814712426821717,-0.8192370132898916,2.0695554322349334,-2.1638769044152335,-0.29852020839675536,1.610571809185014,-0.3647058506049459,-0.27682994223026997,-0.4114966268268256,-0.8921561330919429,-1.1839940991231872,0.6461570448956075,-0.5732764676388363,-0.004365038069016059,0.6113372255073467,-0.6111001518933932,-0.48196657009005955,-1.186412976345803,0.20142242148035744,-0.3875895752998062,-0.4199396696737108,-2.053560472254497,0.9907644107876552,-1.0614807967062159,-1.3111527849068332,0.3722950966348446,0.5963528867362917,-0.2331398475311106,0.45509095337720634,0.21817939124780864,1.1102230246251565e-16,-0.5320736614852644,2.114967265679627,-0.8462726216472498,0.2598521806080372,0.3071307015185909,2.6616002094350275,0.04310400061388554,-0.4008843269734137,-1.0233875774145316,0.09943679128970774,0.9881909254333764,0.14200767384940285,-0.8304133653538154,0.14315929654813395,-0.3395068371666618,-2.0117728350158632,-0.3871589687319283,-0.795453979136572,-1.3142974869676967,0.21216999235466405,-1.2857890377720038,-0.6485040893407343,-0.39046461628591955,-0.3250018382607886,-0.7131180155970372,-1.0099047613971783,0.15187004612482835,-0.21114254983078817,0.0069085002573363976,-0.7797458409790194,-0.4309232837603915,-0.9942031719856964,-0.4564464951018495,0.720986351590633,-1.5789330621829236,-0.09432295164584693,-0.3903145204375297,0.018866360466146776,0.3316108232552115,0.01950849643623217,0.3542769831541723,-1.073973568701719,-1.3573314773853968,-0.24664546742230983,-0.8126793421700067,-1.0581173633972258,1.833478835089463,-0.11479202824412792,-0.21735313784764168,-0.20321476900614116,0.7601101636941843,-1.0227250905861245,-0.6544698210487921,-2.23872335287742,-1.3744021021911486,-1.028055433424268,-0.40382146787559164,-1.6338528383146367,-1.265238078186777,1.5886402466312535,-0.7457401669620856,-0.681921299521658,-0.5054339021647042,0.17161748315757977,-0.6664488049122184,-5.551115123125783e-17,0.05278788416535488,-1.024729367827839,1.544195685011669,-0.5730768369829893,0.6422334836713531,-0.6006764094226072,-0.096441317206742,-0.9939648829382192,-0.6747021854513676,1.2830624046240844,-0.25493864464104365,0.6949892481582225,-0.548666267487724,-0.9756526884825362,-0.4012528841383251,-1.359694592623645,0.4012385636473815,-0.05525987616521266,0.6253497057989394,-0.7057930935848375,-0.9933878780438763,-1.2225584101637694,-0.27330261152522384,-0.23374607137903727,0.23782198373079838,-0.46304055486541185,-0.2729607020357207,-1.1869714980559125,1.756805340430778,-1.1284051148393683,1.1259526938629618,-0.6072003057358436,0.8156802509138986
c,-0.9474206016806531,-0.16643514105886204,0.1093151080781854,-0.9993641168430757,-0.5151315275405307,-0.8980739618618647,0.35423183131986913,1.3774098439516256,1.088322083423712,-0.6720666196920149,-0.3812381907247916,-1.249868836013318,-0.7377860980594209,0.6832203191455818,-0.215248662157737,-0.24616086594333345,0.8440689585124719,-0.46541699695555505,-0.16157981540851274,-1.4721382425172955,0.10714626896728952,0.03411595333943595,-0.7738115547199164,1.3724109929904746,-0.3851246864524177,-1.0293807937895776,-0.6799062422193616,-1.692841332828437,3.4940701769476403,-0.9858877259783062,0.5258063208962278,-1.0081604071671788,-0.8140618114373588,-0.2234614404469756,1.9457133005828062,-1.180955436795244,-0.28997248546273596,1.7310261181050177,-1.2709814534092247,0.3925037669538064,-1.2515424071130528,-0.7340732809865452,-0.21889794012797706,1.283802882775963,-0.3505306452211621,0.8666678614226039,-0.9697371554259663,-0.7073797536926467,1.547733558455932,-0.9561802392909633,-1.7825071439735702,-1.4025308063121305,-0.19442295630574158,-1.3325629386004476,-0.20541774801117538,-1.6663282901933878,-1.1775949487884063,0.7943732546445635,0.7309365325703941,-0.355536495447294,-1.375524682987024,0.1556860332166107,-0.2457539595010546,-0.5572856010643524,0.28695441731647653,3.4536553610946896,0.03849092048743942,-0.7234941144307987,0.032102358446008485,-0.7380375902465088,0.06832669471532363,0.7242170117722089,0.6514729412398538,-0.5799634608031997,0.42954748369129336,-0.2020066483783272,0.7520550378833168,-0.41620660502447526,0.5145081702735377,-0.3630260752461042,-0.7755342486988335,0.46230350430958406,-0.2435337245311356,-0.30250312901142246,0.8030041666755443,-0.32918739941556535,-0.26779546351884415,-1.1629429074168525,0.3389308236669447,-0.2811980084124551,-0.46533846510038157,1.1102230246251565e-16,-0.17479273070825863,-1.0988691093847862,1.3937993650129554,-1.1044664505649453,-0.5516927106102608,0.08522686506277855,-1.1441199730512512,-0.2694248389656276,-0.12584124099296964,-1.0016606540141495,-1.2298314662662662,-0.6101375597331864,-1.2372968760365533,-1.1502282296878923,-0.5459336485770628,-0.5408400270540841,-0.33297464398640225,-0.4130851536691503,1.3890572846090548,-0.8950271441169557,0.5840029411918489,1.149967402895504,-1.1024650155174671,0.3033782019191697,0.40541078359758675,-0.18898506835258713,-0.9077871855175179,-0.18626677637696457,-0.9203999125044128,-0.4479658939825798,-0.1892417613601159,0.05754974589514484,-0.6913381762091854,1.2542597213971036,-0.5018912395243637,-0.42111050313661147,0.0259938910593151,-0.9722452029082158,-1.3622498844777515,-0.7758011947198595,-0.8496399366452632,-0.5276650779418227,-0.20067815420764923,2.5184877209450756,-0.4577205811082044,0.6908439161572065,-0.901580897767185,0.7715937905280427,-0.5079292505967711,-0.08381438629515993,0.5790195615764486,0.36584083616911395,0.31917404502849983,-0.4575185191242566,-1.6831995467305354,-0.3359871055076255,0.056320393883263806,0.6117649809388768,-0.4987326777291779,-0.2890778082460981,-1.387055614646595,-1.4406494549266433,0.6678650804698576,-0.5931058470679914,-0.5777692978460488,-5.551115123125783e-17,-0.6095489552079679,0.9352492404055499,-1.0756824346624025,-0.33768638159884173,-1.0713904816197302,-0.3748746455374327,0.7106249299856288,1.5128943917038107,-0.07235893846183351,0.3302855424874949,-0.35972910518491336,-1.3475235935786887,-1.5854971154040391,1.085257768306342,-0.3834199182194991,0.5523097451169415,0.4689951688781218,-0.8530047998656975,-1.1067491375072123,1.4714494490637415,1.0602348224439355,-0.15565087240849482,-1.300595807377886,-0.9225624486726618,0.8977942976195272,-1.7610521383706321,-0.8491917340705021,-1.1836835693245475,0.29351818769568583,0.42232266443499317,-0.3392965530699699,-1.1110481419614402,0.5052772359586255
healthy,0.6748143212887363,-0.6927335794552828,-0.6947207254698609,-0.010331652005652723,-0.3682719673044653,-0.01207753996660395,-0.050312186086674315,-1.0898583767108052,-0.7218989688025831,-0.34688493680253196,-0.23497375234825973,-0.6465738152255538,-0.7377860980594209,-0.6496084086566871,-0.7590024864413415,-0.2602326118139848,-0.47739238532979283,0.04124398139560327,-0.23058319918176937,0.25389178646925487,-0.6301881963094627,-0.10936585627627315,-0.39062679509610476,1.2502426360486165,-0.203706637747983,-0.41537806299119556,0.9194002031126531,-0.6346278733107494,-0.3533621330731151,0.2903739706612773,-0.6523671437695033,1.0383277041798982,-0.23609978401273535,1.2674116456799478,0.07087111891183669,0.16531753366336727,-0.898518186468668,-0.32849856333611804,-0.24165462945919935,2.474012261785656,0.3183771443766131,0.8544604122386429,-0.9637858234007978,0.4086119424505147,-0.48444338487122685,-1.045538180061248,0.257337928775174,1.727811852500514,-0.5541389609607533,0.12005283147632255,1.0796612800405931,0.1353047725155126,1.5416087446347935,-0.06575044263526078,-0.48768414849470515,0.2627356223309208,0.573223634398838,-0.8472030401647165,0.9831060846233483,-0.7078976180693651,-0.08015949374072152,0.26782817044774415,-0.5653761611642757,0.8878787542381205,-0.9337944749265951,-0.36211417124517925,-0.4451567364724242,1.5963934688963621,0.2216332317571891,1.3068354399507258,-0.27977606703941665,0.3525387769866104,-0.6100187940072228,-0.43953660435157277,-0.4733146546976827,2.2690285516253974,-0.07313825642846015,-0.4156117912701131,-0.9058838466264819,-0.44895078452500853,0.20261305711389346,0.032293488031307514,-0.5838846578481683,1.299637586100494,-0.19173141848735734,-0.5191120289850046,-1.000626417331164,-0.22501700574240324,-0.5642802214948563,-0.8086705925142297,-0.9292402336071807,1.1102230246251565e-16,-0.5283815449403828,0.11975165961668512,-1.0334456334681759,-0.05159170419845363,-0.334030261732132,-0.7311682326686811,-0.5803895434010111,-0.31821881109104,-0.45258744215042046,-0.1668990825965367,0.26054780306759096,-0.4170452174370161,-0.7630469292719705,0.8063300198255239,-0.3407421861278252,0.5701957421432343,-0.5946261784202198,0.05184490077979468,-0.2883385618894916,0.22718015688763651,-1.2648678516346328,-0.22934743147635056,0.7760819594621068,-0.6633136416411138,-0.3984174374157799,-0.0007355293343818741,0.8149521514962165,-0.40788730351103003,-0.07002339370902687,-0.5393143582213075,-0.20232152914544912,-0.03320096000737996,1.323199192798532,-0.5682771088872853,1.0319425507455842,-0.13771135003324544,1.5496536660986386,-0.7559189948032852,0.3467403689412273,0.013425137718727827,0.3285209236606173,0.46778017616255957,0.24268851448160284,-0.7304685541355579,-0.44790257282351653,0.3593484041121068,1.059830702411574,-0.06646368124787577,-0.19364389145634536,-0.3226151517171226,1.1688575227599307,0.6729122725429862,1.1053348596843973,-0.24065654824244978,0.24033742578568495,-0.6929663890072078,0.7228895335457949,-0.4860926195850628,0.8737990661002484,-1.0135666631465,-0.637096267107637,-0.4415855343862723,0.8292977064493635,0.6996407349799979,-0.5175341609709149,-5.551115123125783e-17,1.4857699231209989,-1.379273268935025,0.6747786132389536,0.05482928427669506,0.05234093361732708,0.6544470434283517,-0.10626000334769979,-0.23434425978803897,-0.48842020796794816,0.41638573130246714,-0.0811913336701103,0.3035725855798229,-0.1060768283269618,-1.0931974684859953,1.4751456856581462,-0.7590693930409796,-0.28584701170896915,1.9068365993519494,-0.6822219781575455,-0.4535994684043009,0.6507994365839674,0.223544988447466,0.6853292147154619,-0.2471888811137694,1.3055201917023496,0.3046395494898883,2.5250232476891536,-0.9136350228551068,0.3311763129498981,1.4845190418765122,-0.9599151843238691,0.5920303022913619,-0.39467652397030023
c,-1.0123049882220896,1.3111546690680658,-0.15623478445408712,-0.9193894772437637,-0.5595063586909964,1.4366689722061756,-0.5882858230585617,1.4599714168745133,-0.4978350750935822,3.2353451177208994,-0.6521737102802054,0.7242971961744342,-0.7377860980594209,2.4453496858654367,0.13137925100168157,-0.2569434916338015,1.2156030714022314,0.019555336006536157,-0.16307178046306947,0.25735117228542703,-0.08390877318089722,-0.8844673291089157,1.4368016774747283,0.17675459526819906,-0.6109274591561471,-0.6130675186717994,-0.5575271809953528,-0.4348056509018245,-0.35769255137057976,-1.0302559530380255,2.422022813756237,0.7613120885141975,-0.6994976700495642,1.4406327898609135,-0.2299258277768812,-0.9424113636809865,1.2338700074634297,-0.9486068144148425,0.22797743454760572,0.08728069887986499,-1.534456095673817,-1.8913860344597455,0.11069113996383236,1.733242329936956,-0.4198856567492406,-1.1308565775439907,1.0984375510400952,-0.11207132215022178,0.15657963160498045,-2.398600495962471,0.029464330150393216,0.6158994918264126,-0.8182294051814495,-1.0440480507759156,0.0834746243146911,-0.07682405464230692,-0.6509357669435925,0.3786999071437704,0.6132870056442801,1.5470556752454439,-0.8868964236382418,-0.8772264621891598,-1.1102034313557205,-1.1481239400627585,0.47518075176873775,-0.3700926728407859,1.087750198701922,2.223547058381552,-1.5264641212867627,-0.4956235241961893,-0.5779139009503568,-1.3080063163226252,-0.03117674763375431,-0.2581723019425031,3.0101390116672553,-1.4939057557768143,-1.8449670991962857,-0.1772567018138017,0.813466220923326,-0.8184968919115159,-0.9023338616290265,-0.8429563896988169,0.7351517393224062,-1.6446570706585764,0.6230412089107531,1.3487095393530923,-0.41327059082650086,0.3492419742899412,-0.47906639516889676,0.47561048182052523,0.3415273553678927,1.1102230246251565e-16,0.505258520827067,0.8083479044456856,-1.0511970488152094,-0.8994462361645638,-0.5228534335397363,-0.4126545660437572,-0.6754513393494707,-0.014796100932528162,-1.2298947524278592,-0.32109353589909934,-0.7761287910509859,-0.954750410032337,0.4815235692111013,-0.005671807636561075,-0.3763202362093306,0.9100775206196406,0.7917091472376017,-1.2961478839277438,2.086044179447243,0.12250400948664512,-0.6060066165621997,3.12325978233597,-2.447811948426402,-0.060825326921652795,-0.2532648451538824,-1.3546841368883968,-2.3852551592953986,-0.513892019933574,0.9075213031253948,-0.8770033787262969,2.707994691159293,-0.9416632896210769,3.1870682740011618,-0.07495673862529525,0.5949759209667549,3.396231864076464,-1.4332613771142944,-0.4620445135156716,-1.149355563038812,-0.6977910652836263,-0.955525959007656,0.49659272324503534,0.2662936843423729,0.40507145162053654,0.6120647062195463,0.8421643705123306,-1.7339645865302817,-1.0740364913515574,0.2380849439944486,0.4946381465369247,-0.8475980909510648,-0.0562832055644786,-1.6435108459384704,0.12642751705227298,-0.06383136326809992,-0.11034925650317219,2.8821916101197114,0.09087135944411662,-0.13573212687701683,-1.757687646108013,-1.0231512898914048,0.21314082130765985,-2.292010438133785,-0.5325269628756675,-1.3227608171142002,-5.551115123125783e-17,-1.4439847930086216,-0.36736074635847865,-1.079048117502276,2.798632732887871,-0.9921421685262547,3.36564429116444,-0.9618246093575292,0.5128199197614356,-0.8018057513061714,-0.46535847506177075,-0.04475892092162512,-1.1605855941480918,-1.1997500453903942,0.6981973845482502,3.2585709425185163,-0.28890439195722883,-1.3150754448833555,-0.4491255707118956,1.5791779581718597,0.43300511008506054,2.266367527137217,-1.582149587057109,-0.9954730883369078,-1.2923247974520704,-1.034282805807608,-0.19335904997071468,-0.5392577615003382,1.780493779625329,-2.039671658411702,1.8081393819250429,-0.16121352483258147,-0.9955451181335508,0.2838442913528131
c,1.9331705900054752,-0.13767744929923137,0.4905814438463755,-0.23507697094343183,0.1980354016633837,0.14452107146478912,0.10925626555752951,-1.0898583767108052,-1.259697148900525,-0.5334766278311288,1.7642451866869517,0.16747736470137847,0.2695156967099895,-0.8669815651487838,-0.24148458812290904,-0.270873024991119,-1.2788864369978654,0.21368648981687471,-0.4968989614201767,0.4820077570533061,-0.865497581968936,1.179348047321741,-0.5849372456212775,-0.09785862446632612,-0.2566615828447026,-0.8802504292968951,0.30369641998356367,-0.02024489934077262,-0.35769255137057976,-0.6799398646012839,-1.158011567015572,-0.2543395266360052,-0.5916269458978051,0.3643192035976888,-0.6586845169453039,-0.4537611322760151,-1.244370403872944,-1.4636755553289917,-0.8476051546869833,-1.0369284218335237,0.8159241364198649,1.2175063190992488,-1.0304489413590658,0.2693267729508677,-0.11162593159776087,-0.4721746836912067,2.6998585433569007,-0.0635897642783955,-0.6541005126300666,0.5186163234513446,0.3475772996244034,-1.0046517218668225,1.793099167872382,-0.41163668171685514,-0.8831600107415826,2.474237023178756,-0.19326543410850303,-0.5587879768586855,-0.708827300717864,-0.5410589685231416,1.2794111152493632,1.0396163091190362,1.7160650713973375,0.5579904905167484,-0.8855711991578341,-0.36862596003116327,0.7987669569421031,-0.4688166647324477,-1.1120353695967649,-0.135110297762381,-1.2332390289512731,-0.5524636751191135,-0.3306389083596202,3.100492337904594,-0.6124776158779384,0.9296239612763177,-0.48351755905643384,-0.11929540597207564,1.3363015332469277,1.6286108853567958,-0.08930717195410098,-1.2401756168788947,1.376781507110948,-0.16547306322515148,-1.7289329121393548,-0.11747190051146827,-0.721106351290024,1.2479101078540709,-1.5060734225501706,1.893268491036851,0.0846233197522692,1.1102230246251565e-16,-0.017069173514105165,0.39158889502788047,-0.5280523965291062,0.18574696764435256,0.9612579405273064,-1.034825175366845,1.1031129238185833,-0.7287040231946318,-0.8991256842246935,-0.36767126201178363,-0.37291710021246516,-0.012401996382447295,-0.5543574261923419,-0.44721126288782753,-3.294263896443552e-05,-1.2866917075995308,-0.34002513443521765,-0.17985919345867282,-0.3664242306058026,1.8956784460264597,-0.8864129621048751,-0.43608314435644124,1.4784792704573901,-0.7004318574379986,0.033381030321294254,1.6783400293078528,1.0257156389521331,1.7743964585744099,0.2080963239106967,1.223526948476856,-0.641738364535763,-1.1400411484887012,-0.10823933174777883,-0.5376748113638536,-0.26115499441473056,-0.8063468888186649,0.5412299459850272,-0.1828149399334209,-0.2685998677457377,-0.31078209746121327,0.9107151851295168,-1.7022000854804202,-0.3310197443084251,-0.5330879913968201,0.8665776902149243,-0.9635753220558435,0.5706643792574946,1.0095742871004965,-0.29178914395984684,-0.7503314547919051,1.0319812494709413,-0.29670347745410064,-0.05941491871132139,-0.310684893006366,-0.4685081000092225,-0.20127794192287737,-1.3782127818570407,-0.5326310163386317,-0.47207162032195715,0.1314297089338553,-0.2800481107898637,-0.8031669209464601,0.11117215892196922,0.8143322179733299,1.1182262747944451,-5.551115123125783e-17,1.1926044368410038,2.481474402678842,-0.13558602325234898,-0.7786717850029485,-0.24773956901101626,-0.5805813752191902,-0.5681845558882181,-0.479691711423368,-0.11199507834091965,-0.025073418621572,-0.39329356848693475,0.2962639756976537,0.12237742629866709,-1.1477829072211105,-0.49342847421225694,0.10586478012390273,-1.3985112645476556,-0.6760990218065944,-1.1067491375072123,-0.24765588521189014,-1.1596887746935485,1.3626803092229236,-0.26489509687885926,1.7571510665496703,1.2000550937662593,-0.6080869369353661,-0.233799369761512,0.007204217175835175,1.088373617168516,-0.25451743700797036,1.827308075145004,1.7848946019186047,1.0640688116293058
c,-0.8577348473106368,-0.1695396646010947,-0.9968496760463138,-0.8413281065343875,-0.5585085119587769,-0.008727837048285442,0.27855079425433205,-0.5611906252322034,-1.211723488816757,0.3624939023317648,-0.3062725732838948,-1.0623502715315045,1.548048247754827,0.12186208411275701,-0.9846457083972362,-0.270873024991119,0.03535627198558256,-0.4181286389761137,-0.33837767437350574,0.26650837003411765,0.1235632028505089,-0.7795720113741935,-0.7343679239041363,-1.2531463477208575,2.3211707104070234,0.006762303069133431,0.06274677454459211,0.6447972296061149,-0.35769255137057976,0.2973185627227987,0.16908046841272012,-1.0081604071671788,-0.5397287108068057,-0.5961026563095867,-0.22732027193453422,-0.29432606300066955,-0.3758848197223967,0.7687891767759628,-0.20573838817942053,-0.7892872709997906,-1.3195581395359866,-0.6476073856121111,-0.7758041118911477,-1.2081698776599028,-0.2799420465315168,0.5952002330684216,-0.3165962678824294,-0.02283948473828905,-0.21566325115286436,-0.14900543621549908,-0.40741081459391437,-1.389701442537059,-0.17828663806984002,-0.6454332287470794,-0.5122949010519546,-0.8987488802130181,-0.47526188522706125,-1.73689960346521,1.4734604336418131,-0.47895499172044653,0.05367128377716176,0.16008830719882466,-0.1384784619313298,0.5546070211452471,0.16289615142748673,-0.3700926728407859,1.4502599378438004,0.023117301622999003,0.6807997334472744,0.1693540530992271,-0.28927353266261824,-0.835612957164073,-0.5769421056430245,0.030183891096377553,0.7315234450879459,0.9821300213796047,-0.14921023023231553,-0.23931560351891093,-1.089490503304091,-1.4681715230446966,-0.06178706926446737,-0.35870947581261886,-1.715563279831773,-0.6647069245221614,0.10978169929518002,-0.21266359286813166,-1.423283617562516,-1.1629429074168525,-1.5060734225501706,-0.8056530148019767,-0.3157613361961417,1.1102230246251565e-16,-0.49399298836119715,1.0421395438751861,0.7986048504359519,-0.17935060627553878,0.1517918682069019,0.8153804921949982,-0.032036757213022106,-0.9208006804456491,-0.346204958052646,1.1890007044132813,-0.600305575951773,-0.674662182844625,-1.5218956603533333,-1.1039204331615402,-0.5459336485770628,0.1521411546172548,-0.3831114649557565,-0.0790355728130343,-0.9882175185319878,1.7325416578128394,-0.7006203389446392,-0.5903596700932089,-0.13072394399078832,0.18110048284986832,0.22000579180087698,-1.017145128282494,-0.22028412190186766,1.0522923303040401,0.5148531503254707,-0.3707604581413644,-0.7787364859413125,-0.8986761131409333,0.12575444537978894,0.07238765685789555,-1.2771024086505096,-0.4038985765035939,-0.6380687945966277,-1.0677857912717732,-0.9697462421091079,-0.6338263375922196,-0.7691522507279038,-0.23050037665981046,-0.49317699813458704,-0.5487340116139148,-0.46262958525054837,-0.6153255242034099,-0.8280131305493488,-1.624320624195247,-0.4445208009456329,-0.36619719186200567,0.2817487549831788,-1.0211381580984042,-0.6381669470121488,-0.5331943110465526,0.27207677768695043,-0.3553515477729328,-0.03188861914165545,-1.183607867313246,-0.16341860956913112,-0.6753874249325013,-0.06803428680205692,-0.021267380113623915,-0.044435578491266475,-0.9067206885467914,-0.8231019907437304,-5.551115123125783e-17,0.948842763989674,0.6352779920844797,-0.8457451024656067,-0.6286832229820236,-0.1905986359420926,0.25648656214499543,-0.7105555049321073,-0.7868765080764863,-0.283147555115026,-1.5699847611084023,-0.3808447769336029,-1.1097501520787811,-1.2145030266957533,-1.198336466958746,-0.5663815166074543,-0.04069115715085236,-0.007540955513283165,2.6463546736702974,-0.4134540613426925,0.639821335579134,-0.8471977875006762,0.12397383042678524,-0.9536106716602178,-0.4464487570551812,-1.034282805807608,-0.8826454683753794,-0.5862513602293882,-0.35118001454294373,0.6531532838734099,-0.5615057212526131,0.8203373753306717,0.5092682930918504,0.3830674181365978
c,0.05753583311074618,0.5786505090770209,-0.8238025937603826,-0.20331670737049934,-0.29918575531491737,-0.48382736762980216,0.9779165223177854,0.7686892966279029,-0.9556024297246776,-0.18140297963354016,1.0679612725212346,-1.2528103036914642,2.3668413402886586,-0.5334340285690533,-0.7200763571560594,3.7415655233312015,-1.3291912986702492,0.2634637087426026,-0.3753038094737892,-0.6413769134277422,-0.56618594682271,1.0328692286278964,-0.7074400605587481,-1.0016388824514226,-0.5545444256204576,-0.30876388056082626,-0.5189346139703542,1.019674976435253,-0.35769255137057976,1.905184530300025,0.0826438180907508,-1.0081604071671788,-0.26946986414601337,-1.0260732899972147,0.35661374295588344,0.0383374403219343,1.0774655015035342,0.8213089318582496,0.7683536101660967,0.12249126313823554,-0.6012908329373771,1.6243394422071655,0.1740418048558509,-1.4816867864732692,-0.3151678132562524,0.5850574865145289,0.696117851302016,-0.5158695466840041,-0.7460222612160571,0.8384718989439043,0.19530722490284408,-0.69742222093748,-0.666311872521498,0.4592140026822498,0.12152663403782292,0.8815593327026922,-0.04622615346956337,0.3970384371805705,-0.632244118096148,1.0810126967811509,-0.726799792588811,-0.7066962700360313,0.09536007986021072,-0.17579942942758583,-1.1830776988602711,-0.3676568200068382,-0.8504564863858298,0.9812686188920395,-0.2218146010139464,2.8931365034683334,-0.04522995947513167,-0.8259357032207642,-0.4651606186265154,-0.34999613490680737,-0.6466387833745866,0.7381018563281387,-0.2518903383711518,-0.1283497931218093,-0.243807798383801,1.2821177487524325,-0.3134628470874062,-0.5678867370741153,0.13118182584280297,-1.226159842716721,1.625078393792036,-0.3367568592897096,2.9253835808842177,2.042195183574484,-1.5060734225501706,-0.8310006675848993,0.41241698991966524,1.1102230246251565e-16,-0.5083342675024725,0.17957908535889255,0.5743627065668087,0.5362002405356453,-0.29413402863061583,-0.9449601135659561,-1.1724288166976675,-0.990201815556066,0.18257856584511717,-0.6710031583532459,0.33413572710606015,0.1607872283370604,0.38169432153909194,-0.1588106138237077,-0.2958990188375944,2.6329004910744898,-0.6567749460801484,-0.15550933790651875,-0.21133741634979505,-0.13701383520185076,-0.013343761506522665,-0.5333781392306339,1.1245368754636735,-0.1709662996813461,-0.1934961306931008,-0.4885983456544559,1.325137822642656,0.30389903236087906,0.10131388433593384,-0.06852587868767322,-0.7787364859413125,-0.1128068423780159,-0.6913381762091854,0.07720468517176919,-0.6269122474888619,-0.18432698466433478,0.07879398227354907,-0.6628889620463615,-0.05289577353653812,-0.382977251652773,-0.0036249268916858338,0.696585697111637,2.360995931552472,-1.3743624630698563,0.9636249259520343,0.3160000138486879,-0.26676226129069597,-0.9777459211999339,3.1399864267243784,-0.9812082129147982,1.4402582433363817,1.5346166133750943,1.7438640927862497,1.4942392188119948,2.7728732129074194,2.162867878989451,-0.0523494726783632,1.3311476681054837,0.8250913650678265,0.5253388590632696,1.0068019651560278,2.848751196368585,1.0706145184805866,-0.25787999914979487,-0.6618475097342568,-5.551115123125783e-17,-0.5384291798326358,-1.105696636994168,0.04952653294068034,-0.8576506947427534,-0.13502817249239943,-0.5867168338415221,-0.860513620539464,-0.9428044895781776,-0.8018057513061714,-1.272352062954828,-0.26313278591665457,0.47865439564601153,2.530801624398482,-0.8128268058919927,-0.5537980817816159,0.39728236638121844,0.25060611069639716,-0.3335990510779111,1.6681832396203247,-0.7579334711091873,-1.041860077377424,0.41675430802645547,-0.1223176610009279,1.2832494828632215,0.5179749758428179,0.4281908886378943,-0.9584704993690075,0.9968707653166835,-0.7063050378036411,-0.3746065178970592,-0.9599151843238691,0.09927803213427093,-0.0788162370419196
c,2.2251503294419397,2.7643984787848517,-0.8716367465873881,1.380104625940278,1.0359331723947316,-0.20189403867132288,1.2265393669748499,-1.0898583767108052,-0.2613294144002398,-0.3383492618071263,0.1590031610503647,1.207727409077745,1.3453459491156279,0.375085928210022,0.4082110459004933,-0.270873024991119,2.351861314647962,0.6805256930274508,-0.7591118197585526,-0.755638392003072,-1.15172325532419,1.610542728438402,1.5648670557323734,-1.273596268339386,-0.45377666808547323,-0.8321229744750885,-0.25640359881345565,0.29018314476774043,-0.35769255137057976,0.7224819211559367,-1.2632127557446198,-1.0081604071671788,0.970461427317823,0.9212775799944949,0.15569643689046483,0.7338881433055984,0.261298326036755,0.0297611945466297,2.492877377069417,-0.417533744492906,0.995623289397188,1.436442400335798,-1.013472619394538,-1.4816867864732692,-0.24732051937008875,2.2156531530903063,-0.3555709887945557,-0.8728774304810237,-1.1466724482016424,1.6104793350803968,1.4151644251791826,0.010556090544751956,0.2089849995917984,2.2085427765608774,-0.7875567027307291,1.2861748356380802,1.7913419806616073,-1.7330096122452827,0.011942536884198123,-0.2797485915524791,-1.6202557309714396,-1.2676386548223413,2.652154002245484,-0.09713376654018191,1.9592131738138352,-0.3645517577822116,0.06983008330602236,-0.639707722184761,-0.2985942530411232,-0.445147385774571,-0.7637338805347373,-0.5513884246809683,-0.2166424645330085,-0.7027757986755282,-1.032156317847978,0.1572848200427343,0.990845987043401,-0.09173570201996636,-0.3714451396429566,0.8755471731400551,1.3921916895045032,-0.9439706689112781,-0.34144934573437563,1.2137160313372102,-1.676962702379117,1.3207254755759528,-0.5397819961815521,-1.1629429074168525,2.019058806569337,-0.25403980900218104,-0.9904888778599121,1.1102230246251565e-16,3.3852009659142754,0.18771096846948362,-0.02814121432956186,-0.2543395270599148,-0.5249052398135287,-0.5811515569204236,0.362539594352459,-0.710939227517904,-0.7529615148970789,-0.4492044625785586,0.4139902626806517,-0.006302653899276803,2.371444998855037,-0.42222659127360945,2.90180176713382,0.06150601369021312,-0.8570611006816833,-0.9240516537713868,0.29115832214869175,-0.1322737832440701,-0.6013227689195045,-0.47252031375155723,0.5748743964165827,0.35455481552468376,0.24074187640971995,1.3473518288362827,1.2524058383064838,-0.8285140182756846,-0.6017514053188128,3.0283129900799706,-0.5919537812697886,0.129195040028717,-0.6913381762091854,-0.2050165030998807,2.578723500416386,-0.5776912245897576,0.9122811364410998,3.1030839232155536,1.4486035676170783,0.35436160937180594,3.036484400969108,-1.256453033557403,-0.7487286196707523,0.1414961879633187,0.7729289958071298,-1.0864400846429565,1.5724319191552056,-0.7774761802381921,0.2022453854959793,-0.5871689408610617,-0.9929409378455588,0.14128988915669466,0.6135314929123322,1.9618478435258868,0.05056255087604098,0.41164875238772686,-0.44110568987581505,0.9134235044740558,0.6374385379323877,-0.23018142406276138,-0.5263427769647528,-0.4760731778137714,0.7577347897780361,2.532322147202828,1.9987468520316483,-5.551115123125783e-17,1.768620327476328,-0.019593841348914582,0.0017950308479322756,-0.6565756240874218,-0.20557850000244463,-0.5705620024230887,0.3451020231926969,0.22765633590242235,-0.4826678457190947,-0.5800282719835291,-0.2413237637523364,0.9413706079637965,-0.40525861097533966,0.7636378821227356,-0.5422182337823783,-0.5705798205344307,0.4219575255774428,0.6145343275554175,0.5403741910302278,-0.22562166709490553,0.6673006108251751,2.600097006179416,0.33046203401682683,2.1153423892282968,-1.034282805807608,-0.4476869527783057,-0.38335836254206057,0.7724148305888371,-0.6191533765010361,-1.2039541140841474,-0.14402627393213602,2.1119409591509597,-1.2169055012519285
c,-0.2842971608498333,-0.8366854342293426,0.3523548110448081,1.4257679767800766,-0.1710504955246174,-1.3290690706855202,0.8691060352918336,-1.0898583767108052,0.10340490782541754,-0.6390252971291546,-0.5270952072674051,-0.05769198606070522,-0.7377860980594209,1.1538173197349435,-0.5225226863693977,-0.270873024991119,-1.1245881168906429,-0.7566137276710629,-0.16120682414487353,2.4426655416896432,0.4331056808514943,-1.2002771607173826,-0.8941651974655014,-0.8598173550450044,1.9299175640961657,-1.359366795684385,-0.5181729185685449,0.7652534425512132,-0.3532177857965329,0.9667000753194362,-0.521813865915998,1.4068864598698159,1.282529880192112,-1.018675945761729,-0.006137531539750257,0.1691715620555194,-0.7013603937445739,-0.5685888722837188,-0.40980794090543654,1.8721255998221291,-0.32869859793495687,-0.7052513158617338,0.4547722022204824,-0.10589041835430453,0.017763655126559367,-0.008591502963296497,-0.7252022129289153,-0.8728774304810237,-1.1391686319905412,-0.17468319620268502,-0.8213818255360933,-0.671257071133058,-0.6116058180144168,0.6077825885964915,-0.35762578690370245,-0.1970186599260547,0.6741092542291703,-0.9655699158567871,0.5549062026601894,-0.621320463967303,0.21210024158649404,-1.3971581893516873,0.5637719271252765,0.42180584831382295,0.2795653669970696,-0.35244010803277487,0.46608969009868284,-1.2079619666257069,-0.9521281415559123,-0.24635070472976886,-0.9181709302337561,-1.5567475843469312,-0.49572702260593077,0.8980251259153162,-0.48448272868697145,-1.6026683088479081,-0.9293743741310483,-0.24166181332778353,-0.6567521377516587,-0.2917714382831096,0.061609520214857154,-0.8067466557657347,0.3533749662655413,-1.3194884280630468,0.5753660578083866,0.43142862914996677,-0.5665390285256389,0.020572287784942796,-0.22564547192589582,-0.28723316383696057,-0.37871133167811566,1.1102230246251565e-16,-0.5193190770574919,-1.196451706711882,0.49343713660239175,0.3254990472879624,-0.5851770491061762,1.561840279734637,-0.350773367157857,-0.3402471577301827,-0.3690012046450263,0.8014740231557479,-0.04776948450964365,1.4108314193616458,1.4768870704493766,-0.2757647231902627,-0.2724891560235483,-0.38373911611387834,-0.5446199220888065,-0.8247498990977578,-0.9556818232335246,0.022567914043434393,-0.484538834361642,-0.5979830495056622,-0.3113534608157477,-0.7183335582446704,-1.158333949845716,-1.056449977088493,-0.722506437099092,2.198980682752173,-0.8602134465622735,0.6842513382785556,-0.7086759996724685,-0.9040893131421367,-0.6913381762091854,0.011749771024428696,-0.2676285741151574,-0.24827407319672654,1.7596935893904266,0.16141012879834482,0.429088324746543,0.39157745093771534,0.16164312152529214,-0.8146606449594308,1.0226854316201,0.09215104727863423,-0.2315287748571199,-0.608809968611669,-0.7900426700498203,0.5321487985920655,0.1504158701289626,-0.9448298157690693,0.5785491963761429,-1.7217688514269047,-1.485010681693329,-0.5715969517235397,0.29522005511495625,-0.7544274448927488,-0.9653582260496884,1.2851699749272596,2.0453474540906265,0.24098964940393267,-0.7388839985246686,-0.1915501195369022,-1.6928790427459242,1.2807555931732164,0.9044751988000456,-5.551115123125783e-17,-0.4675808539816369,-0.12731241090059492,0.8031335179050294,-0.7723082734501178,0.36752210566134813,-0.547652537658969,-0.6241213132973115,2.484941865544598,-0.36793579867346915,-0.773362332322603,-0.450431945920329,0.14083420553685325,0.4647333748259627,-1.2082610921833128,-0.5068610978913726,2.3166992154001522,-1.5021060741979608,-0.6108256110342627,-0.9140211658668352,0.27942006499241523,-0.6502150199962583,0.41572248255473865,0.09400068458782526,0.24968459262570294,0.8082758124297873,-0.9030567276205909,0.11156628439007876,-0.4145274414339082,0.36614457211452317,-0.01856776399349283,0.921438851215645,0.3661173013555527,-0.8954225704724665
