Factors,Extracellular exchange,Beta-Alanine metabolism,"Glycine, serine, alanine, and threonine metabolism",Methionine and cysteine metabolism,Tyrosine metabolism,Urea cycle,Nucleotide interconversion,Glycolysis/gluconeogenesis,Pentose phosphate pathway,Miscellaneous,Vitamin C metabolism,ROS detoxification,Glycerophospholipid metabolism,Pyrimidine catabolism,Intracellular demand,Heparan sulfate degradation,Inositol phosphate metabolism,Purine catabolism,Drug metabolism
c,304.43783161164674,107.70190336309685,476.5282607274572,718.9737907280357,-603.1939676745928,-3.785582474120421,275.41985313211745,1199.7894249624046,-455.9729586730026,-429.3997743211955,2.2889423689775867e-10,-129.89777483927207,291.9600424526417,54.39908465931675,-197.03245089232604,-5.597356749195276,-296.81707636694995,607.9193945317686,-243.99013008730182
c,297.5908861211368,108.31446862790264,470.07123036610363,-467.41057649432537,1017.6741616420202,3.0962203505359263,-378.70510160787256,1189.3370482748514,515.1180297644474,450.59266851913196,-3.1889157980913296e-11,-622.3262508525974,-694.7536319260851,53.25984135345468,247.69948228102896,-3.1873335163058893,-791.6338805487235,615.7321073189486,-1229.3625385618598
c,301.3013437131185,108.12307639354927,477.603383705062,251.0080916354828,302.28204161488077,-0.45580831695349744,256.48908517453964,1200.864547940041,-373.69322468775067,-352.88750395019116,1.389821591146756e-11,-625.3517038014324,277.2766814474685,-425.7842330890748,250.6296555949345,-4.368150191898385,901.1656839618324,592.273406942898,-1234.298320183695
c,303.606440374011,107.49649367334538,474.92666825459673,-491.80990337739604,351.22113538746765,-5.5943949545953195,280.25972110555807,1198.187832489642,-443.1752284368994,-323.92188225176926,1.3301360013429075e-11,-627.1379881688706,546.0412515781352,53.500963245382,-209.56227689388453,-4.207538863877433,950.1469592806499,611.6769638255104,-1237.834068430531
c,237.40255605576536,107.49166615397357,475.8426491859121,-4.884238035556763,150.25801825046932,-4.616359492858184,-381.5134367489732,1196.870051102078,522.5063732309575,307.6222946697444,-3.1889157980913296e-11,-626.9954596030002,-856.902343710195,52.630419374170025,-180.88412568270013,40.866236727889095,-796.5170155718005,606.8391705210146,-1236.1325292385065
c,193.72587095621125,108.30229764542622,472.8484067842363,-492.26206865548625,351.22113538746765,-6.303020015391109,-377.68281975053213,1190.2963261036339,514.3868182646527,350.5762687860441,-3.1889157980913296e-11,-128.98966361911584,-693.3567328441852,53.36683929412116,-210.01444217211065,-2.9371201031201633,-794.541166610964,611.9255606772264,-241.5742398187465
c,154.76575838394123,108.93727118575175,475.23474057116346,-471.5246900520842,722.381304476615,-1.3505495636807758,-381.2670774843194,1198.4959048060236,520.1589124367333,350.085896352768,-3.1889157980913296e-11,-128.66438715599156,-698.0308319338551,52.64669409082948,181.88310552052906,-4.668478051578509,-793.5112493687188,608.2138255090546,-242.0536763173846
c,249.47075255951384,108.21811497874975,470.6042752342517,-485.6465030114333,351.22113538746765,-1.7230450691144519,-380.5029212226036,1188.824974010383,520.5811152210171,450.7270781410125,-3.1889157980913296e-11,-624.2441520103574,-447.12228353285724,53.07316368602941,-203.39887652867304,-4.717856450002349,-793.1138360647997,614.7002501032774,-1232.7753584344107
c,216.78348504745077,108.05426008976747,476.1374043088377,-486.860185557979,351.22113538746765,-5.8625807564435615,-49.07927888252468,1199.398568543886,99.98122435893575,-86.94605167345989,-1.1007728062395472e-10,-130.09378242959667,294.9001439643994,53.39886396611522,-204.6125590747808,-3.7595643137175383,-566.7316394302838,605.1559805761104,-243.78247743974157
c,241.14185396705903,108.37677730128465,472.5479583014626,-492.3950475337507,351.22113538746765,-3.571823992330966,254.23386750895727,1195.8091225367402,-402.4054976697855,-506.4203408425894,1.9726087430171901e-10,-129.84317499314272,276.2772603244724,53.13826480519503,-210.14742105077028,-3.9267705239948523,-295.1779911255641,596.7260762523813,-243.28126256658982
c,144.07664368785112,108.74975578835185,474.7426599710057,-492.7315791776472,351.22113538746765,-6.034025096465886,-381.1965725972878,1198.00382420595,549.413369437844,445.3265590431244,-3.1889157980913296e-11,337.53066645810026,-697.3410003971057,53.23142283232875,-210.48395269419063,25.12264275807548,-792.965039616151,611.4713046029445,687.8680112295574
c,354.2905053801312,107.58878837666313,475.86401890705315,719.3551996320984,-609.2127496074945,-2.6366670601446494,-380.6969622671861,1199.125183142214,414.53378663700136,153.73124690458604,-3.1889157980913296e-11,-629.0150054310959,-697.2527292143325,53.151061538884214,240.4452736846253,41.17479140589189,-795.7865013106239,597.3133886973997,-1241.1927786111012
c,320.6413495826077,107.87389436259488,476.32776083933504,-379.0046827327559,351.22113538746765,-2.131544874400735,256.0708153010242,1199.5889250744895,-408.3033280057035,-304.08667254465024,-1.6572698768868577e-10,-624.9160252260566,277.3301052066612,47.522620842902064,-96.7570562511305,-4.052794213865192,949.2538761095101,615.756995837778,-1234.1573164423362
healthy,249.11819497200355,107.84432925123295,478.0945878626851,714.8824457706728,-610.0189121339608,0.7323030633004315,276.7405619510118,1200.6370003165457,-483.44959299050544,-348.2880595215557,-1.3244516594568267e-11,343.75124917655063,292.01966467092376,-144.7387141726963,82.77257503163764,-5.383953024232985,-296.65862134609415,-40.73065891239664,702.1215446841329
c,339.2894246545331,108.23714971145536,468.10050624076734,-234.91726686205763,351.22113538746765,-1.0380330866446776,253.68949937474812,1191.3616704760184,-403.88529308812645,-439.45222846352783,6.2118488131091e-10,-626.2656909366808,524.3692754190712,-56.959825080430896,-188.59499887617466,-2.661049398970354,949.3691263941095,598.9591758968546,-1236.1262944540713
healthy,137.694555231621,108.21224931218691,476.6694117604022,-120.04569077972235,-450.7385513667168,5.058952490810324,-377.2932482682252,-774.6559539466855,520.7922236916047,450.24015447936034,-3.1889157980913296e-11,-623.9120713661597,-446.079145281847,299.6445169789841,-137.52815658309487,-2.9952786055403755,-793.8208355787949,608.9025331860864,-1228.7296170067832
c,191.83349588114956,107.83577441219545,475.4404855580998,-445.7067870872419,351.22113538746765,-6.346509506615977,266.365317917013,-757.9959682791543,-413.2536798931719,-421.8706128882626,-2.439151103317272e-10,-195.84993454570917,286.0782132601445,-85.86228688435264,-163.4591606057083,-4.359643513585288,949.6904296302864,599.4709977077067,-372.5864834284803
c,255.92286758745456,108.63421550891613,468.5325623812223,-450.898788901843,351.22113538746765,-1.293136566468835,-377.9442594169847,1191.7937266161537,516.4068291051741,251.93081765008395,-3.1889157980913296e-11,-129.8483452369262,-698.3454644953799,-175.7376929408668,-168.65116241656614,-5.277904541318497,-794.7585195112028,610.1812314032223,-243.29160305431574
healthy,248.75119085936797,107.72555373207203,474.2738116357071,-484.46565133172226,351.22113538746765,-1.1596695742862426,278.4694298990941,214.3670893648091,-437.45548672788175,-319.98797119791254,-1.5143086784519255e-10,362.836155491197,543.3981174200292,54.001653363963136,-206.3489959813362,-4.157105825598199,-295.40516014691525,-45.29348244940345,739.8205278464005
c,226.07015277864127,108.35045660199202,475.7893347374883,-489.5779171135091,351.22113538746765,-1.4958003171279337,-382.20079670446034,1193.799396454909,511.81012909663116,450.1069077474108,-3.1889157980913296e-11,-436.71992616079547,-449.0888250435036,53.111057269634195,-208.60477228373355,5.3974750013065975,-794.7439018036171,614.4161521338996,-949.7386495955348
healthy,328.41628285654133,-380.00864156374456,477.46700466265895,-185.52657509585651,-512.0299125585717,3.191013864780242,-377.7574442545578,1189.2422547606143,530.8855488078509,450.6250388331525,-3.1889157980913296e-11,363.94200036897985,-444.94651491049575,118.42975518251026,-162.0447010594811,-4.929253736567576,-793.6290424487975,66.98377795341848,740.8528091311971
c,148.1990911135825,108.03216491694766,476.00162791825653,-484.25869879923096,811.6948385443926,-3.4376731703943655,-381.8060703820561,1199.2627921532458,529.9369600158623,350.86915011099416,-3.1889157980913296e-11,-625.5115347445717,-699.2606880900344,21.788083233496398,258.4626308413117,40.950534294123266,-796.1212025734219,602.0921425497098,-1234.6179820697485
c,252.41927382971087,107.92872339716597,475.40333772989334,601.9490144978197,-462.45501818735363,-2.929490057395814,281.13063227602123,1198.664501965066,-374.0523288867188,-534.270971165772,-1.0238920822303044e-10,-130.32409162521537,302.8466210933533,-561.9110453072428,208.7261795460168,-3.102159426097213,-295.67684658214955,84.18268284452411,-244.24309583089666
healthy,355.587285512642,-391.55299213367334,476.7287473587453,-493.33924359762216,351.22113538746765,-5.987472478101555,150.75652763771168,1191.8313975859426,-428.70925396085033,-314.88243128256124,-4.943956355418777e-11,-628.2423223313433,198.55291911312358,301.6823002533687,-211.09161711423752,-5.897221532963112,949.7194186441113,-45.745896865179986,-1239.099751142588
c,196.80057108495717,107.82190069672842,476.69123729031713,-487.1148194671265,351.22113538746765,0.44341771588466017,279.01481852469175,1199.9524015252682,1007.2503543401858,447.4789521768451,-3.1889157980913296e-11,279.5111464883023,295.37402614827556,53.18904101465959,-204.86719298332667,42.615590679520984,-294.26406165510275,589.3818135993887,571.6885448490555
healthy,437.473388157107,108.26993820323621,476.62460194832954,518.9313322461865,-184.625345834178,-2.474018746393032,269.24236276828424,1195.1306700296932,-334.15288015845294,-242.4779817905178,2.3021584638627246e-11,-466.6875986099793,285.09601018608373,300.27737066430484,283.2557181173569,38.589609494207146,-338.6651415770332,498.03658517361856,-996.2686022798804
healthy,135.21047033328315,108.0824495634624,477.36268920184716,-492.0999615925683,803.7168786716525,-1.0818384860813843,-380.00952993512686,1196.6336085590513,541.4923231788096,449.3332285889854,-3.1889157980913296e-11,-558.9918091571406,-698.7380246969647,54.69276603733939,242.64340817423067,41.372959289555475,-795.8989829714388,-1.8205326313077421,-1099.108740222051
c,197.45521413125414,108.1433003907614,475.3468387491057,-491.1212914878246,351.22113538746765,-4.223060647052083,-381.46091862376085,1195.5157296032382,541.1353372817515,156.7348108267079,-3.1889157980913296e-11,-130.77358170494512,-699.2043526446519,50.39154730037054,-208.87366500423673,41.40492631546267,-795.8521396723784,595.8654190483037,-243.4166137769064
c,195.0275562401966,107.68491333588902,474.2083497025504,-184.73944148049583,-570.7201178326097,-0.7097913472427457,-381.0560287439109,1193.1430599724913,517.284361011591,106.06442031848194,-3.1889157980913296e-11,-360.5792317162338,-697.8539956443844,-94.32704043523492,-185.5207831681069,-2.7777115162958266,-796.0870320708478,609.9384602446383,-702.905396202167
c,251.4054653681026,107.97818043909203,472.694103009844,-474.9933682145511,351.22113538746765,-4.451478527689293,279.19517422256376,-783.7189809325749,1007.2503543401858,435.3848377043636,-3.1889157980913296e-11,-5.96538258630909,295.07544160611593,53.35939009642235,-192.74574173019784,-2.3760833252309137,924.7020869813832,490.60626010720017,0.7378624108196163
c,297.69960454295875,108.2623172422268,474.3166077819023,-211.57419925139115,351.22113538746765,7.627209153513203,274.89288341228996,1197.201856416339,-396.458802081129,-562.8011734929036,3.112177182629239e-10,-225.67138727790564,290.734195958776,-435.807587258581,-141.90886365564018,25.646902699427756,360.933347005612,596.5458861503199,-432.7745263011051
c,245.35626020786205,109.35620580360836,474.05358878817776,-479.6174358814751,351.22113538746765,0.29727480283332497,267.213320164685,1197.3147530231336,-342.69301131847465,-414.15615670535743,-2.1509549696929753e-10,-128.89586623395076,282.8016728959955,49.44649836337562,-197.36980939783803,-3.3973737290627963,730.0968602929745,584.788078835785,-241.38664504842373
healthy,324.76987448265066,107.7712756459745,476.9415633957504,692.0278329652701,-575.0535412726902,-2.448887943352876,265.10162767411566,1196.5387567123298,-382.70985348878355,-290.4845379020711,5.2310156206658576e-11,-621.720884670757,205.0220194749137,-160.64158227186675,253.76558878229451,-2.3707577777858457,949.7123299577534,-39.65433614825923,-1229.5985657369663
c,83.28511292541081,107.80794372485917,-520.3656990921698,-492.6414542689015,351.22113538746765,-3.852565766523359,-380.37036838362974,1202.5165480882533,544.3064746149576,251.93081765008395,-3.1889157980913296e-11,-130.44563554144202,-699.2043453762678,49.08432561789906,-210.39382778570302,-5.193343690006705,-797.1473059016131,591.4043468604895,-244.4861836633819
c,173.95785240022516,108.22696181375025,474.68756871614636,-491.0432803924273,351.22113538746765,-4.228954712150145,-376.7450938386135,1197.948732951234,517.6943359670107,448.59592115877103,-3.1889157980913296e-11,353.3979103712246,-695.2205867684024,-192.494315387675,-208.7956539092533,-0.7375564551938449,-795.7263693123828,613.018034379912,720.561632388819
c,211.45508271114412,108.3422201302305,464.41808009869237,-484.54065618364064,351.22113538746765,-2.951560976572356,-379.89290342008456,1187.6792443341374,532.2653886069108,229.85349802348915,-3.1889157980913296e-11,-129.4222295381976,-768.0289767230322,50.73112151210143,-202.29302969886538,-3.4839978183227682,-794.6912052543507,602.7559602840365,-242.43937165717216
c,114.77093566282684,107.7009458450851,475.0779563522522,-491.32113994165013,351.22113538746765,-3.924892257953875,-380.70385558446793,1187.9153433680135,524.7912490811575,351.21845755241526,-3.1889157980913296e-11,-130.3139395709456,-697.9112264411781,-334.7522591432345,-210.61157561932572,41.77878915842794,-797.36896298055,605.9002813345463,-244.61035060927986
healthy,194.23963655485093,107.86337793528807,478.22066636279783,610.4042013165235,-594.3216810900228,2.033115226358685,278.2220318019934,1200.465522198932,-471.7297853424468,-339.30590651048027,-5.306333150656428e-11,357.5625235221595,543.0153721809903,-171.4385078181284,226.47763074762372,-5.144979831360322,947.2802729108168,-38.169549243555615,729.4374340017108
c,141.64083421231928,107.7605533999907,473.1871845730032,-483.84732180015465,351.22113538746765,-4.765176422450228,-49.46095610152435,1189.3394952838626,-478.76044997025645,-341.58552879895336,-1.3984902125230292e-10,37.0481729686212,49.42459719790364,49.26234642548,-201.59969531774726,-4.431656297796783,949.7530327545619,-689.3165952415699,-243.64627565726582
c,137.8909817848411,107.78555654878826,-520.3656990921698,-494.14964917639463,351.22113538746765,-7.196568964171835,-382.39690319254873,1202.5014795988081,529.7509649394594,334.96091333320635,-3.1889157980913296e-11,-130.46488878269486,-699.5941695155404,53.09484093763201,-211.90202269243855,0.6471265648821802,-796.9899265624827,600.9583179358355,-244.52469014587294
c,195.12925036087321,108.62272973607193,476.1244364988624,-493.6163621078408,351.22113538746765,-5.832665178038955,-381.7950537267603,1188.951409153693,675.7339688949187,350.1046837838069,-3.1889157980913296e-11,-129.0008732696116,-698.7547025468054,30.452744883923895,-211.36873562423943,27.01204712988011,-795.1843366816299,505.8179884987426,-242.48374147509247
c,212.67982468915153,108.16294102729162,476.56476173639174,-487.11723602492475,351.22113538746765,0.7125273612653054,276.9999084685722,1195.5117263652028,569.7577166477336,33.28733909509084,2.1242385628283955e-10,-628.0639582593282,293.382765601224,-91.81285157473668,-204.86960954187055,-3.3884956359401763,787.787871760723,380.4910453240759,-1239.1917297749064
c,132.3445674539548,107.80575249700476,475.2808376217618,3.9368047742857186,351.22113538746765,-2.018816431820884,-380.4321714501895,-745.7913566664301,523.59790140568,211.24794812561314,-3.1889157980913296e-11,-130.0849751101785,-694.6410068288878,-679.0675611520342,-139.66524549576678,-4.947452629342598,-796.4531337676606,607.208793942555,-243.76486280098587
c,193.62471200579816,108.50673978823872,477.8162929554326,-485.65733659241755,351.22113538746765,-3.8479230042311805,-380.79869397908504,1201.0774571904449,544.1044431099597,299.218018021249,-3.1889157980913296e-11,-118.96254880292076,-698.0783537546981,54.65666943603068,-203.4097101089082,-5.349513952954586,-784.6682979470083,592.2684146281017,-221.52001018497
c,198.86914707900658,108.06453109260954,475.34110525442344,-14.110440693035628,351.22113538746765,2.4173904436341296,-378.0329991516319,1190.0158781817358,514.6640732526215,450.393139800316,-3.1889157980913296e-11,-627.117675571339,-696.5072723322639,55.301423366616895,-184.1722250852104,-2.1842043120798973,-795.415146030136,616.2192809155863,-1237.7182828224338
c,290.72742273061283,108.23229114647937,467.19284483521204,281.96762794770444,-599.6343708515544,2.6804561071798467,-378.0284810282064,1190.454009070842,519.4264020618599,341.4776342756249,-3.1889157980913296e-11,-129.56821136181122,-836.2042318752159,54.872967667949645,-192.8854390286453,30.640520464328667,-795.3694901633799,608.1882567768552,-242.83585497202694
c,142.4924585632823,108.37505339844344,-520.3656990921698,-468.0781944059555,351.22113538746765,1.1326283964818593,-379.8377907130395,1189.5509635181124,515.1288992975017,448.1998624004186,-3.1889157980913296e-11,342.78066303079135,-695.8610764970208,53.09513225713564,-185.83056792142423,44.578335441541206,-793.7278117853975,-103.12534008736833,698.3210311403682
healthy,291.1236521173355,-390.6175280358752,477.62804894456775,61.0280286180938,-580.4958463297014,-1.3105183203004493,281.4667910127766,-787.5145889744663,-477.83061498649977,-341.5645573616698,-1.425348727934761e-11,362.31398264770706,545.1990920842458,54.83543477118091,-189.4310745684308,-5.421006893211702,948.32678029172,-47.21791869440847,739.3886835923054
c,141.26802283978793,107.86466121375265,476.7382898222147,-494.4474678863496,108.74466229394783,-8.340323493797907,-381.56838135855764,1199.287160069452,522.2974081527445,349.95500770652205,-3.1889157980913296e-11,-130.4943260583712,-448.65950375108577,52.87606802883267,-212.19984140278672,36.70738513728629,-795.772656215081,-37.3366753518961,-244.69020290074843
healthy,171.1920568550904,-387.2233351419356,474.2182495113181,-38.23112073224601,-582.4762806934441,13.696722336454112,-374.61468744216967,1190.0862710561414,541.7713733977669,450.82464181218745,-3.1889157980913296e-11,-620.0405474701678,-443.9778271722803,-63.109379331429174,-184.85422044296882,0.45377901453873815,-788.3389645282243,615.6595619094609,-1225.8264250547186
c,404.5383480135949,108.43739222713097,471.4172139541689,680.7159422721509,-560.9136779111927,-2.0905112282861786,-380.81072640804217,1194.6783781890717,540.1247500614736,350.87340743389217,-3.1889157980913296e-11,-129.6081777756729,-448.644746385736,53.32630584085188,248.10964343971523,-2.9284013154133017,-794.8164959694377,594.5971335542993,-243.58703932679668
healthy,349.8904942213241,107.73649390919294,477.70281005581757,613.8427633520035,-608.8863365625316,0.6485663249426885,-379.935408788614,-783.0076406773687,518.7827710463401,450.54578162072085,-3.1889157980913296e-11,363.0276963220788,-447.457547521313,54.54906784356209,-200.78727066130534,-1.216056250770583,-796.2574269185457,-43.112697709856036,740.0602370079935
c,88.07579650025838,107.94121310433061,477.0731741763323,-58.70248770464559,351.22113538746765,1.2799010703752138,-379.0674593236509,1189.055422203764,528.2910672325668,351.15213284943036,-3.1889157980913296e-11,-129.9138773875813,-447.9489744174423,-456.657402489753,-192.047904162983,-4.693779823314781,-794.8499241776376,602.1667457210865,-244.42061183661383
healthy,349.6193464824066,-382.4364134006484,477.95509054616844,-483.578364833789,813.2903133622744,3.2543533667315465,-378.7718576265129,1200.6706144853229,541.9082047104712,449.53496539275636,-3.1889157980913296e-11,360.9734179040322,-448.3252299967817,44.659395507566394,260.73848369264397,-5.3759088359017735,-792.1746894920333,-28.33335100834222,729.952074725903
c,261.3945293035656,108.79051540413144,466.63830832796765,-486.92224637977563,193.75133781696053,-2.254158843688348,261.8192992676897,1189.8994725626294,-396.3211440341946,-582.8071179963376,-3.2359537271986483e-10,-129.21196542452128,62.690376798557054,48.78872489652418,-204.67461989613713,25.692788715280578,-294.8925585212402,596.3893424713374,-242.01884342951325
healthy,438.451750503676,-391.02247647504635,477.5481660692659,-489.552330857564,133.74688795450726,-1.4044404233331456,275.7018519240061,-771.8035191104236,-424.69586763435564,-317.418766957269,1.482760580984177e-10,-356.725743710977,540.9394181527988,220.9670123817079,-208.50335545738682,-5.5867336845660045,901.6935320793413,314.7247490596985,-831.742830191432
c,247.50114505057093,107.64349587414446,474.95439703431384,-489.35715345462575,351.22113538746765,-4.215176276406002,272.8864812013035,-787.5238819552021,-422.86509736485516,-651.1461501541205,-1.9061019429500448e-10,-625.364882497256,290.2262817039129,44.220152717706334,-207.10952697147087,16.844804270704735,949.9869919615372,601.5945785686088,-1232.7078783586437
healthy,179.75335541859536,108.17835453739983,473.9372050068159,-139.1151137887314,-366.3312683234624,0.7974236468238143,-378.2244903604781,1201.3086510600235,517.6647944371896,450.1301823850948,-3.1889157980913296e-11,-623.1485303728691,-695.0217211173883,299.6452559700275,170.27667960778828,-2.64332088823671,-794.8499824741398,283.3697361754909,-1231.4277010392225
c,192.64048437530735,107.81839207773456,476.65901584645457,-493.98895633325526,351.22113538746765,-7.661972320034412,-381.06698139948463,1197.4227030747952,520.2354296721937,212.89231381531135,-3.1889157980913296e-11,-130.2602285639935,-698.3116805445468,53.49653636265851,-211.7413298499407,-4.787498471252113,-797.032184080554,607.7156106485867,-244.11536970877128
healthy,255.24289294695643,108.29057059718625,478.58426287453244,696.8298923655146,-581.0561155251248,4.355908125109462,-378.59806212437474,1200.3314820878547,548.9987059889957,449.95509937303603,-3.1889157980913296e-11,360.6399255229171,-697.8561635722162,55.079570513416364,-189.6551822463403,-3.9616261402018775,-793.9587691249098,279.5340992117505,734.1534145305192
c,143.95846102472763,107.671337727072,477.2109209574496,-493.2280504451038,351.22113538746765,-6.909722473578601,-381.80938386409906,1200.4720851925258,540.1426534837289,348.0658717535051,-3.1889157980913296e-11,-130.10616676448484,-698.4318048440107,53.34704799977303,-210.98042396181,41.66121604380888,-795.600296054679,596.136575915432,-243.93448855103657
healthy,293.1144741212307,107.87705085029032,477.62823336055266,-68.38706813019095,351.22113538746765,-1.65959172186243,274.7291331583327,1193.982167099255,-412.23340174644386,-306.07940896306457,-2.986553226946853e-10,365.57867705256893,293.95155545636896,-192.37921720360114,-149.83681936202032,20.388702809701634,946.4620891095864,1247.2538663717926,744.3883636365622
c,320.8708712986596,108.34170264206195,474.2841232236478,-473.92991839931267,351.22113538746765,0.7614849556923069,-380.05421493880476,1191.6717836693585,513.7615715892538,445.5385771641315,-3.1889157980913296e-11,-599.2860426272175,-786.1942365211783,53.26451630468522,-195.27936990134322,42.56382257918879,-794.7955796103623,613.6448739369453,-1180.1350188923564
healthy,305.3302321151279,108.31486608468899,479.2588181702922,-113.78774909225322,143.35332043920909,6.616773153184166,269.41294658836335,1200.1637853719208,-398.92548196947394,-299.39857574801056,-5.984190920571564e-10,363.5125382398685,535.5555197342777,-47.92861761150123,-181.24574840502402,0.9551399306159372,949.1344152201033,449.90524513167156,740.2211236337973
c,306.2895840940467,107.8423036292265,473.80754694695514,720.7348747865607,-610.9373435508382,-2.240085001947879,-379.81380224964454,-786.8852275357091,516.3620223053165,305.2161730663762,-3.1889157980913296e-11,-361.42390912875135,-697.4354125814855,-195.09339608817163,-201.60767345626795,-3.905701986978846,-796.9933644421658,612.2292823948017,-704.1783582735359
healthy,355.8969460569763,108.04056974786124,476.2988220333706,720.1926301687217,-587.1479416785905,-3.001958563444422,271.5741151071375,-778.4211140700778,-335.4047266370326,-265.2871516597565,-1.1425527191022411e-11,364.9685567605885,538.519412147243,301.76305715019765,283.25571812001874,-5.162633034906483,949.6488245588363,-9.081697848451464,742.5580027599665
c,231.26953129513848,109.54406461853662,470.2208484812975,-82.58879695318797,-529.5978145953623,11.214551716677587,-377.8065164958455,1181.2187169092153,544.0294613761666,315.87497766628223,-3.1889157980913296e-11,-611.4876738264559,-696.0047274353378,52.36261374439059,-169.07186187423395,-2.9739327018363464,-791.9224693831694,591.9147012860157,-1202.2079975971742
healthy,406.10680046357857,107.90674176750028,474.30910670774335,697.7488667950882,-585.2889650469099,1.7684902627520138,269.811302586514,1141.6552329092483,-392.7740901148959,-395.99588160279717,1.1087308848800603e-09,-130.06779521047065,537.5325490042235,54.429474346683385,256.626105694908,-3.7222829554201464,-295.56252985096387,-16.865745218758644,-244.10574490198655
c,248.77978101866088,108.04946470651689,473.75897174695,-4.202190630411138,122.38817724190578,-0.14360262842882676,-379.83484720626416,1197.0201359816951,528.4908290367107,128.34367419557174,-3.1889157980913296e-11,-412.85215762076814,-447.0650718137926,51.9607820356051,-150.74715650499695,41.63834650270624,-794.6576018266666,602.7393047913887,-806.7661849642466
healthy,158.8902413832386,108.30103042599782,475.787066942401,563.0346289960949,-556.5216320056583,2.207539315487619,-380.31683531538056,1190.2257293092773,522.913908207596,448.5761319307521,-3.1889157980913296e-11,353.800529629428,-447.5428337922737,294.16757583055914,-179.84138883920127,-4.9999715281062915,-791.6200877736314,539.6846699407353,720.3637401032206
c,195.19725393462534,108.05036732905725,475.45450081720196,-494.44622351695716,351.22113538746765,-5.571583668297709,-382.0953145263681,1194.6080916860114,534.8940326874426,162.98828898918006,-3.1889157980913296e-11,-130.12383228752935,-699.2973791864956,-194.95697884674,-212.198597033525,41.326280457422975,-796.0851250218875,598.476912627388,-243.84257715556078
healthy,256.3866855818577,108.29324942966304,476.80604622307754,704.0321990332573,-590.058998859021,8.942371114483475,-377.37786628811074,1197.6178021138303,540.9672711757803,450.43708690604706,-3.1889157980913296e-11,363.18153396834396,-444.17902758549815,291.0861234897175,-193.25633557964625,-1.2159723889834728,-794.7988366466251,283.19425299638516,738.9732898608804
c,253.26389788627455,109.57346458395074,470.6148844882696,-487.6864211968051,351.22113538746765,0.5216131013367509,-380.78201753328875,1185.7066153173714,526.8337790694077,333.16567317438296,-3.1889157980913296e-11,-217.35709809307957,-697.6786740536058,52.753160889762896,-205.43879471296935,45.74323014741904,-792.080323986963,603.1994759966519,-413.16519587341634
healthy,166.91942275997036,107.52091023720192,478.1748733155247,-493.65889010191086,351.22113538746765,-5.959791761695502,-381.96588641081183,-787.7871442509826,532.7325168448073,451.0377085460823,-3.1889157980913296e-11,-378.5759680038509,-819.5533363271406,54.088260929671726,-211.4112636181947,30.214230089555436,-796.392531103794,-44.94784580425088,-740.7468485885177
c,268.05954788816075,107.8852788618307,475.02459752319743,-480.15801173051454,351.22113538746765,-1.0137347061310642,-381.212359191174,1193.4470033316745,515.0051366743255,301.0390344366736,-3.1889157980913296e-11,-609.6120976580637,-774.4395627943283,53.18612020269129,-205.21602268603334,17.996801526733755,-796.0782849074475,611.5577583245808,-1200.9147177398925
healthy,-21.472127974020232,107.863999274095,-1510.1134759417341,251.0080916336986,38.41623423774856,-3.017869015122475,-381.6413386220279,-781.0190586146166,543.7428894062094,359.42489467922655,-3.1889157980913296e-11,-368.09699338716723,-698.3023879048412,-214.29917028528286,74.7191173485337,6.884633384613879,-795.4765890275858,616.7053735945832,-717.4528380591655
c,353.5927201413725,107.91293495915198,476.47444646620903,692.7471461912205,-575.9526828045791,-2.6892263571953707,-381.2359321787637,1194.004082654734,530.3667567257521,351.00655979931395,-3.1889157980913296e-11,-129.7068153079278,-699.2613641391306,54.43611394031684,254.12524539744385,41.60246991398501,-795.9302556944949,601.9121135815996,-243.00854319645146
healthy,19.98101737396617,107.91472573805426,-1519.4482421418534,-48.33984110515223,351.22113538746765,-0.66216411162981,282.3226148647954,-785.2916660159378,-475.14783905385514,-339.7099813760787,5.911715561524034e-11,37.1334703009353,296.99432518500436,-684.1539192020881,-201.42815302102758,-4.956366134483281,907.4307138592106,905.8291482408507,-243.51832965868496
c,147.040925559065,108.05871134125911,-520.3656990921698,-470.7191057162495,351.22113538746765,-3.869423527358496,-381.6343739739369,211.4674234332524,544.0081412990769,450.6316194663462,-3.1889157980913296e-11,361.05890765321334,-449.8365578188507,52.560717498458196,-188.47147923197002,16.912989458582203,-795.599841838472,614.7219022870979,732.7642808895093
healthy,135.53182489843508,108.32842040783542,-1519.2932827990742,87.765650386381,351.22113538746765,4.285850498937233,276.19232821693157,-784.8155155944182,-389.0862026828461,-424.6920503953631,-2.2870949578646105e-10,-606.4208771902817,292.19361576062795,-194.82664714591772,283.25571811902734,3.106294294741142,852.4677342678139,617.9176173281713,-1192.2217771652124
c,306.222955252809,108.55100711716175,472.90275642986416,-487.3380189246816,971.7302878384612,-1.9940677175566783,-381.703937372979,1196.163920664871,558.6593648295318,251.93081765008395,-3.1889157980913296e-11,-129.5978600200097,-699.0078621388677,-31.55151244662059,199.75059706907018,31.26484684287039,-795.9480568686711,581.9651723005422,-242.79063262035123
healthy,142.1933987656577,107.73628032348688,-1519.7111898638877,-241.65135817260048,351.22113538746765,-4.518285211141521,-379.0283240645718,939.680614005387,511.8491261892774,450.69768287608804,-3.1889157980913296e-11,333.3801997798925,-447.922670952827,300.26907143557776,-202.06318149770487,9.013017490111858,-793.0350873537424,272.88491619965754,671.3557131232006
healthy,69.96391968548811,-391.2870643592946,-1517.3348487640565,-493.134460256529,294.93853942437283,-4.697123487400919,-378.192383893298,-437.6139763187084,526.8715490143118,450.62121283808017,-3.1889157980913296e-11,363.2857316702751,-446.40941408347703,-197.19477162311514,-210.8868337730148,-5.382891699888831,-794.2691065915661,617.2171848373711,740.8145491807952
c,152.16231914977794,107.73565103987185,478.0098367004103,-475.5221093683525,351.22113538746765,-5.886476344807527,-381.86588588039945,1201.271000935506,588.6232762590394,444.433901780411,-3.1889157980913296e-11,-5.845262112524267,-698.2183017208697,51.88946898460393,-193.27448288743454,17.427993534061848,-795.259675636228,563.7718971241437,2.4766702162554566
c,253.26812716338918,108.72684373974008,469.327389216779,-483.9814957941236,916.9437496451928,-0.33069885427102363,-380.57204403515294,1192.5885534519973,562.8873231621417,181.0584042797965,-3.1889157980913296e-11,-316.2008463745897,-698.0773012310324,53.19553604735098,178.43110958261934,-2.4647582014501155,-793.5267199004668,575.5667876144215,-610.8938524216849
healthy,132.05800865041607,107.96385160407155,-1509.4337923294233,-474.8454121089736,351.22113538746765,-6.236962748875332,-379.65450979501094,1017.2092933277631,511.69848354346277,382.1685701500445,-3.1889157980913296e-11,21.572893144633326,-698.5908957879844,54.94389224984375,-192.59778562588525,-5.819567354561244,-794.9137268531317,615.8087510939384,56.28812230352713
healthy,80.51897205982957,-390.48903187483177,-1519.0816159174806,-466.7649007791888,515.1872109814951,-3.6025806313679176,-380.9706601614808,-770.4549437444969,513.2856269175473,450.89372820399194,-3.1889157980913296e-11,365.23436797541103,-696.865539413084,-196.53628991366494,-74.9358310317827,-5.7527355474610555,-795.2305192974147,515.4775452443588,743.5397028396228
c,346.6859404575332,107.89547775209722,-520.3656990921698,705.6330665068219,-558.0288143479066,-3.8098518687964464,280.3326612651338,1175.2918792183127,-391.72718025114165,-295.1675720817192,-7.636913323949557e-10,365.33768497059793,296.1422940003051,54.901946680015705,283.25571812143374,-5.461721030494308,-295.92824908589944,609.2046972284442,744.1402178084694
c,267.63919269959774,107.71481068672617,473.40793384926616,-16.257427927051907,351.22113538746765,-0.6175963259096342,273.8124436718343,1193.871116133615,-471.88349839798457,-351.64666331084385,6.409095476556104e-11,-626.2489665571378,291.27163689407104,27.216374306275217,-157.49293944245113,-5.68870320555367,-295.8705101839732,611.4642301921191,-1234.1500630785436
c,197.40459455801718,108.82399664284955,473.2776641519782,-488.1177426820673,1001.9703524942685,-2.1417552721911512,-380.8682448694401,1196.5388283872157,596.4350532676949,309.73897724153056,-3.1889157980913296e-11,-446.64443370014504,-698.2425189121063,53.293628840953154,220.9597595614032,1.141112570391849,-793.2770433393458,496.64670139202843,-870.239448719876
c,140.71976321810132,107.78910319764832,476.19804360244893,-477.18587377523704,830.2517197089286,-7.031431070721002,-381.35179684163194,1194.5849318007656,520.9929078948823,450.5930934835159,-3.1889157980913296e-11,-22.108235669880173,-699.0239042354854,53.41445721847159,761.449683529441,-3.7417692296805196,-795.6671910056527,614.2628507855127,-324.7265037501546
healthy,-10.53119825439867,108.98536623420223,-1518.774205529119,-354.29723193856194,351.22113538746765,-1.2879449234159814,-381.1774206074355,-777.6242239094412,536.0385565713024,219.9130628770775,-3.1889157980913296e-11,-125.63963837772116,-698.3827573985907,-200.7871061622416,-72.0496054530766,3.6833550185175827,-792.5163004584267,621.0903616911154,-234.8741893357493
c,224.02779862114352,108.51753223258473,475.26000478875363,-373.77187121535474,351.22113538746765,-1.6489649542959377,-381.7193930830467,1193.6749960476511,569.5001845492884,226.94932680930395,-3.1889157980913296e-11,-128.81293903231187,-698.7204411447526,53.384093287313654,-91.52424472748004,4.247423494612487,-795.2942520447448,574.9753972690119,-241.22079064487207
healthy,305.2309276694064,108.16820975045457,469.9214364321145,251.00809163565566,351.22113538746765,-2.502871409546021,282.0126773420938,1193.1826006666731,1007.2503543401858,433.7282214153298,-3.1889157980913296e-11,-376.30446565295586,323.2511600585978,55.19880530517799,283.25571811902734,-3.971638195352389,987.2144546125869,619.2104429236332,-732.6899029624954
c,137.1090350615628,107.59891812610019,-520.3656990921698,-184.6320206914903,-392.94847843148,-4.172833148163992,-379.64001997952295,-755.932595750398,513.8887335851674,451.0246099929265,-3.1889157980913296e-11,-626.5665753221015,-447.7212856704133,54.507764637776866,-114.41212741604966,-4.876608923823076,-795.3517639847369,615.0284965917904,-1235.2645158295081
c,254.31328742483822,107.74099680703253,475.90629651003565,-491.0702587939069,351.22113538746765,-5.689649421199821,-381.7571357230677,1197.3390385716957,525.6051082573267,450.94201586782367,-3.1889157980913296e-11,364.99549395030385,-449.45836147742705,53.03339173878917,-208.82263231059022,73.58222198871543,-795.4164210646863,614.5692160742028,744.0225794781461
healthy,65.05132449091144,108.26723561730067,-1513.625357980813,-471.6526289298479,351.22113538746765,1.7826704157126265,281.6069092050018,701.1706806096663,-433.29088228378157,-318.01667421425776,1.3358203432289883e-10,-620.1883628409823,295.0884551607079,299.0292991037754,-201.05660317278029,-5.174989372421001,-295.13060252690707,616.0982755807415,-1225.353998540279
c,216.05429905488148,108.39042384815917,-520.3656990921698,-0.21250143210878036,351.22113538746765,4.667265302630025,-378.9906802214914,1197.1251373191906,541.4497205760076,350.88292700784206,-3.1889157980913296e-11,-129.50076065541498,-698.0047673930953,54.95226348151534,-67.41682759474185,17.2088111018506,-794.2994051374293,596.4760100701743,-243.4696760934399
c,137.85432719308585,108.16730143124133,452.1490342471993,-491.5495885168335,918.5297513105995,-6.164454213048717,-381.03881459596374,1175.4101984825788,528.6706706360403,276.60771882644576,-3.1889157980913296e-11,-129.69235885912622,-698.5175417448522,52.94374784212943,169.3881473451442,5.4453573599535705,-794.9007216225456,601.9864744517608,-242.97963029879782
healthy,192.90023750617428,108.06718167873814,477.32602826727475,-460.74886646802895,825.0258968480534,-3.0392079708769337,276.97849942110537,1195.472476596621,-437.07723156233135,-475.77482984868385,2.0975221559638157e-11,-129.37254374426504,292.40050938568106,-192.6086068750526,761.1511274124055,-6.002637464492773,717.3456358423202,616.3966093120084,-242.34000006915392
c,276.6444438466925,107.95961286336082,477.2159599471106,1.6938330490077078,351.22113538746765,-2.3979758075874464,-380.7313182155672,1197.0890807781725,562.1327023543142,442.576805843672,-3.1889157980913296e-11,264.3968055091939,-698.9685907023654,-194.12224737811346,-48.33574142942399,-2.07667726183311,-796.0049535507906,605.178425597548,545.1986984393687
c,263.1641417123615,108.26520474567107,473.52316346816116,-472.81050932158814,351.22113538746765,-0.5015615757183305,-381.28479063377705,1196.7843277033596,884.9949689797716,339.1673891462206,-3.1889157980913296e-11,-129.81146732298748,-696.6101750377602,52.81323678179351,-190.30789574146212,-0.9577654988414022,-790.4468794958792,435.0136545336697,-243.21784722651626
c,204.0143761714994,107.86790616511266,476.1260183821857,-491.5014123130683,1047.9200011745345,-2.6924206734883036,-381.28005379316113,1198.4035868024444,543.2737947775933,357.03964041661766,-3.1889157980913296e-11,-104.34095685338383,-698.4941287322931,53.339835608781804,256.79584803595264,0.14796556696002305,-796.7445219316796,593.2275758314839,-195.19799435953564
healthy,18.01098522080323,-391.08868423242546,-1518.5349414371262,-480.096753834247,809.4068984803083,-0.7007505073163465,-378.62976502081915,-781.6852085347844,546.1709121896207,450.5353817545134,-3.1889157980913296e-11,-616.5882933262221,-694.8652227517923,-215.66638914874872,744.3351602693949,-5.280295673064833,-795.2602293096606,617.6068644534829,-1220.8442711823798
healthy,138.62129794296038,-391.4491649100498,-1516.6054540674977,-483.1782379573592,763.0003433107332,-2.6959637010523103,-379.841607343696,-787.9541458583592,542.0364806158159,447.47008288843756,-3.1889157980913296e-11,-259.02004109387826,-698.6266905759294,-196.3216585437062,73.58886047336864,-4.921722155643783,-796.4169819056463,618.0958037718892,-501.634994765094
c,194.58996380806275,108.27228397925435,476.74064249095693,-489.44741878238074,351.2211353874677,-3.091350744547814,-379.69321787844996,1200.001806726053,536.9622406970435,353.38059410731137,-3.1889157980913296e-11,-122.23863085830556,-697.5184400727333,52.70103067258186,-207.1997922988366,6.218777966702541,-793.7733066453338,597.0539971497988,-231.59163812182896
c,266.9582374933782,107.96073944189993,472.5130697482497,-490.9041890668643,581.5593684568566,-2.762641356461419,-380.9337114560114,1195.7742339833706,527.843804287405,351.08849186236415,-3.1889157980913296e-11,-129.87785533374023,-699.4049740434334,53.18633603369634,-54.90441843891682,8.000512848026526,-796.4461699335059,604.7924315742309,-244.0226253799667
healthy,294.14816336251886,107.8393435649605,477.87699897871704,517.2237895004661,-356.5484869477803,0.045817940886589525,258.640323028286,1200.0931596020735,-394.1265183911949,-296.59940072261963,-2.731326276261825e-10,-585.186475108542,279.43509977873936,-143.76130708837186,166.3635670503657,-5.008827102935995,976.5330665961797,-9.594615796760289,-1151.466957369882
healthy,331.0438020271383,107.7065225719052,474.84060592885623,-441.80241995309564,351.22113538746765,-2.124844594456764,269.10529153766527,1201.8783882553557,-469.0962171106082,-402.7124555044524,2.5536905923218e-11,33.22860551011837,536.4837100635127,299.1587794158823,-159.55479347270864,-2.02777576567785,883.6729347697476,-46.27544715314497,81.32624682305402
c,198.46359546813426,107.7590333764164,476.57703645446816,-482.6531111266005,351.22113538746765,-5.1634711374264874,-380.01537661098945,1197.0265490307684,510.9531147927397,104.8448540310421,-3.1889157980913296e-11,-372.2136680504251,-698.1277219103101,53.45869165606897,-200.4054846426597,14.728098603497694,-796.842362966755,-44.11965365021049,-726.3652941775243
c,415.1815485599657,107.92849653438654,476.4740401924657,479.32204045276757,-220.52310115117288,-3.8392640347952387,272.74382135423076,1199.7352044274317,-412.0435030459687,-429.6196119128569,-3.937543624488171e-10,-626.480192357131,290.67310068545555,53.344175271522836,54.94176929390511,-2.7080689091363777,-297.0485509971917,583.0329503645681,-1236.3103541023136
c,193.29369255951735,108.07314068416551,-520.3656990921698,-480.14796235221945,804.632736373904,-0.4872211783106799,-381.0484362173964,1201.699667810951,540.5555105929841,450.8516989366698,-3.1889157980913296e-11,-548.1691935157432,-449.65140433293226,54.68974526614364,255.5112651168556,-1.283709615702838,-796.2316182826452,621.3039658919481,-1079.9332996122394
c,251.82189014091819,108.64734965460926,477.3822383451397,-467.2198559138176,351.22113538746765,-3.468922236694656,-380.29708981456224,1193.3522744299432,544.0551817509672,441.4717934130119,-3.1889157980913296e-11,-557.6375902316821,-698.3901968399582,-187.606592478534,-184.97222942915647,-4.910229402532414,-794.4179541295427,372.63525852054664,-1095.501172102722
c,194.8250026005128,108.12619375588392,-520.3656990921698,-491.2985567251359,351.22113538746765,-5.64744466046684,-381.7211258562006,1198.8653265616658,525.4687429577184,111.45738390352933,-3.1889157980913296e-11,-333.6144137904182,-699.3860380040333,51.23922612573477,-209.05093024158953,13.158464963728209,-796.2209656863347,605.0864115065577,-647.9249698342784
healthy,189.43854237866924,108.1979837120899,477.1707618602077,-185.95072074204555,-346.67703770197545,6.211821771951119,276.4207967739098,1186.2214468537868,-469.31626550070064,-338.20782994206553,3.652189661806915e-12,358.17421213001387,542.1746502573958,300.9761734551564,-65.6933684165412,-5.25466453189633,949.4424419000135,-39.2114755674015,727.5460938695503
healthy,219.4941152563549,107.83155295193743,472.63413012925696,574.0715973388362,-581.8279003753869,-0.39811950752318026,276.13028330513083,1035.4952817741032,-478.9734550159908,-350.4373754153301,1.1459633242338896e-10,322.57035049920466,541.3111337684461,-168.04681869377958,256.47533242379274,-5.305366312459091,949.1042845791023,-28.589565571098188,656.7556498777599
healthy,345.099596560341,107.42965952316936,478.209169267356,-485.1554462293801,351.22113538746765,-4.734983626145723,278.42657872118036,1197.168252251944,-436.7530718390226,-315.0398589128178,2.45449882640969e-10,366.15982660382906,543.1434026759148,302.4511609598451,-202.90781974552118,-4.8424868267160175,-307.81194182959507,-25.57408732451766,747.103826050216
healthy,313.5606421489509,107.71872425109578,477.9417757139883,661.7052519423978,-470.17318522564295,-1.9121987144237131,280.9646240158118,1194.345467340395,-423.7869825486308,-312.3199881735145,-9.256950761482585e-11,365.22268714515656,545.6453096393234,285.27470991811725,-127.44144218810442,-5.541167466038692,949.7332280490505,-36.45550499885908,743.601669144603
healthy,195.95054993446482,107.64216314314525,478.42529781936685,-486.6196558890796,351.22113538746765,-1.6530561474925811,279.9905455736445,1200.169240467219,-473.1268386963736,-338.6034876725404,-3.026912054338027e-11,364.599391805956,293.9202837398024,55.13783589429028,-204.37202940558797,-3.1294866375355834,-296.3070409621566,612.3110768569724,743.9125736029482
c,145.32891694002902,108.39359954310672,474.37466886195637,-461.26648314041154,351.22113538746765,-2.100818389807774,268.4335600933175,1197.635833096909,-427.06012433948723,-333.37793032339425,-4.214086857246002e-10,-626.9167832093613,536.7925102599818,41.670530314793034,-179.01885665817048,-5.329325403289877,-296.66302276628045,435.79489973821114,-1236.8999027276618
c,230.18500161588085,108.9822935422409,473.77630929413544,-486.8665997764904,830.7769362678731,-6.871668570094247,-381.840405160633,1197.037473528938,537.333010684196,136.66567375926348,-3.1889157980913296e-11,-207.57296450673834,-693.4653709632496,53.43383448219809,550.4451919781148,23.251744576949115,-792.7560351648365,596.0692246030945,-388.01603278908476
c,414.8359577953826,107.93956834048342,475.85423349963907,251.00809163222837,106.90128732821961,3.4157433676576225,175.14626899966268,1189.0175252577303,-459.7363402687289,-435.1147525535786,-1.6285639503621496e-10,-130.50810678706102,216.21403065258838,-419.35455257486245,120.37581941821219,-5.357193610025069,948.8360615966269,609.7384367291385,-244.6551246707486
c,202.6603854913227,108.48178408898755,474.638477039594,-488.9512618485861,776.7142439785038,-3.916774610552185,-379.1979641551756,1188.8197682926336,553.0787270899618,375.8820361541861,-3.1889157980913296e-11,-9.273183620841507,-697.4230625986902,52.58304780737826,218.78947322944794,7.608081606984905,-792.9102958518959,587.6917585084584,-6.577217660917995
c,331.8518270408135,108.42068088425611,476.76949515210345,1.4587610941151468,351.22113538746765,2.8692741907626065,281.4937281464372,1189.563994434284,-399.98095356604404,-487.5277135732291,5.016431714466307e-11,-129.91366246679576,295.17033265480086,-462.44567113787906,-121.49178715785649,-5.271209696428192,-295.8799016125879,595.673671467916,-243.42223751407562
c,249.037236902155,108.44133925853859,477.2049385742774,-474.98088907182967,794.1204621174184,-0.7587594808027838,-379.3690177158308,1193.1920281059702,530.5410837471459,384.57988461271395,-3.1889157980913296e-11,-584.6657862448619,-698.8012812781035,23.63648476611077,250.16606414404168,-4.430909409563233,-795.0634624031946,465.1001672926132,-1149.605118799638
c,298.68524018854265,108.23087650030487,-520.3656990921698,-477.1761981253859,351.22113538746765,3.5175078986676986,279.3520498438675,1175.7149377368842,-438.3354820754306,-327.59528834631493,-1.8386003830528352e-10,-590.0659032358816,294.7655652267832,55.4389380485437,-194.92857164126684,-4.085282736615403,998.8574303357262,602.6616664800946,-1162.2711954356873
c,263.7060119055347,108.09744430590533,-520.3656990921698,-448.5685648351358,834.0648766530119,-4.21471837507227,-381.2147466791436,1202.524208384164,523.9998961472867,295.98807307595933,-3.1889157980913296e-11,-468.4059379990417,-773.550762769435,53.12196757550897,278.7744820015869,13.074797944066868,-796.4013636410543,602.975741385852,-917.6083204561039
healthy,363.5197018073591,107.79735071635267,476.00316659032853,673.8003887755691,-494.36345888803174,-2.9091629590845436,280.36667562704366,1078.1478859413292,-434.97291418360373,-318.1830070560802,3.0894398150849156e-10,357.9195369241597,295.2564768571557,-190.30930845048343,-139.53657901834498,0.04784146495848951,961.1984822803588,1254.9796573997075,723.8588281641994
healthy,304.8132981444412,107.6822090982492,478.3493308012591,-290.1079814553115,351.22113538746765,-2.221908647809588,168.03323550126714,1192.2491342122594,-378.37558954387487,-272.3320422473657,8.787992555880919e-11,356.4450034562914,460.2840804357312,54.57866924070607,-7.860354970863796,-3.3053978333073157,835.1186440980134,-44.5483679822918,727.4203657093713
healthy,217.36113694086438,107.80554073594067,475.0378210329684,-143.40400708685053,-193.75815610296434,9.774493014826529,275.5812610794946,1201.4106522710404,-424.65257610450476,-312.892645572132,1.2011014405288734e-10,363.9158980734361,540.3621703507292,-184.90726576616052,-34.73599847280616,-2.8474832728278354,-296.8395555288919,-46.40781898181459,742.4915941239449
c,309.581026396436,108.16075515537474,467.4512806034255,12.035901270646292,351.22113538746765,-0.7718400704118871,257.2451347026327,1190.7124448384325,-410.26786606632703,-356.91281626544117,9.467271411267575e-11,-576.2593919905495,278.33049337337843,52.26578538881484,192.76463837519907,2.8349281327483116,944.5243344381638,150.80285684667064,-1133.9684082054428
c,262.8425675739142,108.0840501757255,477.99818303549415,-3.239210065489061,351.22113538746765,-3.696658145031879,266.4077038808908,1194.1204558511183,-429.1448983501556,-513.9851345325724,-7.719336281297728e-11,-415.2880383874784,534.887749499495,-176.13735567715497,-168.65962465917266,-3.51632717295424,-296.2875606348524,603.4754305163601,-810.9739865090305
c,189.70367803866628,107.59734215996374,475.42589085935384,-485.89697511251086,351.22113538746765,-5.20877447784728,-380.7610953186118,1194.131016557157,511.6125862189234,301.2713932058008,-3.1889157980913296e-11,-130.4679647558205,-698.8167525025867,53.32192372977821,-207.2841575756217,40.903783631938104,-796.7930151093121,613.1601802157401,-244.53084209210897
c,267.4223590793249,108.04980889125775,476.3485030210944,-490.2739704585855,351.22113538746765,-5.669370577118631,-381.92996550120785,1196.10271689681,520.1331180642649,400.26104250351693,-3.1889157980913296e-11,112.02572886998539,-778.5534505854397,53.40013279647537,-208.0263439754399,-0.8707533275871722,-796.0140324082051,607.834961558776,237.21284583506304
c,139.66701003354117,108.50126170164806,475.0982333936243,-238.71479456972685,470.14555088635007,-3.132811746131157,-380.91347585327827,1198.3593976287639,435.6338223504705,-42.22844981142576,-3.1889157980913296e-11,-490.9499061971111,-448.9805459527979,-404.6721341954147,265.5937747959703,2.714445825552966,-795.2190395098517,615.7796034487025,-962.317621927702
c,194.89861961888514,108.28108591922201,-520.3656990921698,-484.22119871464326,351.22113538746765,-5.273144418291346,277.0057154914679,1189.2659136721518,-408.10551706971296,-584.0018822127834,-1.9753088054130785e-11,-129.3005401102663,541.7429553340461,53.04519583186599,-201.97357223083543,8.232792709201325,-295.83790542257015,597.3971279554037,-242.19599280094462
c,251.10402795662463,107.91431963441403,468.94425192433596,-483.47629809738237,351.22113538746765,-5.193196464401925,-380.41885811944684,1192.2054161593792,517.1817951406656,194.9556840924852,-3.1889157980913296e-11,-608.1275413291835,-698.3603855346155,-163.81233579333613,-201.22867161387654,9.382946246737328,-796.7468552401999,570.450418467584,-1197.8993246295947
